defect_id,lease,local_id,authority_file,authority_sha256,source_locator,classification,exact_source,proposed_correction,target_file,target_locator,disposition,rationale,source_packet,source_packet_sha256
SITES-MODULES-CH18-001,A,SITES-MODULES-001,sites-modules.tex,B7CD92AFF9DF33F05EEAB72C4B55E8AA33F3AEBD947FC53160E87CA80DFFB245,sites-modules.tex:1649,wrong_membership,It maps a section s in u(U),It maps a section s in G(u(U)),sites-modules.part-a.fr.tex,1604,emended_in_french,The colimit summand is G(u(U)); u(U) is an object of D rather than a set of sections.,p03/evidence/SITES_MODULES_A_SOURCE_DEFECT_LEDGER.csv,F35CC99A7B04BBBE982CD73B583702A69C537D175076F18489B460C4EF8126AA
SITES-MODULES-CH18-002,A,SITES-MODULES-002,sites-modules.tex,B7CD92AFF9DF33F05EEAB72C4B55E8AA33F3AEBD947FC53160E87CA80DFFB245,sites-modules.tex:1732,unbalanced_parenthesis,g_{p!}F(u(U) = F(U),g_{p!}F(u(U)) = F(U),sites-modules.part-a.fr.tex,1681,emended_in_french,The function application opened at u(U) lacks its closing parenthesis; the surrounding equalities require evaluation at u(U).,p03/evidence/SITES_MODULES_A_SOURCE_DEFECT_LEDGER.csv,F35CC99A7B04BBBE982CD73B583702A69C537D175076F18489B460C4EF8126AA
SITES-MODULES-CH18-003,A,SITES-MODULES-003,sites-modules.tex,B7CD92AFF9DF33F05EEAB72C4B55E8AA33F3AEBD947FC53160E87CA80DFFB245,sites-modules.tex:1957-1962,unbound_variable,"Given an O_D-module G: P(D,O_D,F) implies P(C,O_C,f^*F)","Given an O_D-module G: P(D,O_D,G) implies P(C,O_C,f^*G)",sites-modules.part-a.fr.tex,1897-1903,emended_in_french,"F is not bound in item (3); the pullback functor has domain Mod(O_D), so both occurrences must be G.",p03/evidence/SITES_MODULES_A_SOURCE_DEFECT_LEDGER.csv,F35CC99A7B04BBBE982CD73B583702A69C537D175076F18489B460C4EF8126AA
SITES-MODULES-CH18-004,B,SITES-MODULES-B-D002,sites-modules.tex,B7CD92AFF9DF33F05EEAB72C4B55E8AA33F3AEBD947FC53160E87CA80DFFB245,sites-modules.tex:2258-2259,wrong_localized_site,"the object $V/U$ of the ringed site $(\mathcal{C}/V, \mathcal{O}_V)$","the object $V/U$ of the ringed site $(\mathcal{C}/U, \mathcal{O}_U)$",,,"$V/U$ est un objet de $\mathcal{C}/U$, et la flèche affichée va de la localisation en $V/U$ vers $\mathcal{C}/U$; source préservée en attente de disposition canonique.",,p03/evidence/SITES_MODULES_B_SOURCE_DEFECT_LEDGER.csv,D93C18BBAEF0AD6B060F4E004267551F2F836FD7018897324AEAC64555E81E3A
SITES-MODULES-CH18-005,B,SITES-MODULES-B-D003,sites-modules.tex,B7CD92AFF9DF33F05EEAB72C4B55E8AA33F3AEBD947FC53160E87CA80DFFB245,sites-modules.tex:2278,undefined_ring_subscript,\textit{Mod}(\mathcal{O}_\mathcal{C}),\textit{Mod}(\mathcal{O}),,,"Le site est introduit comme $(\mathcal{C},\mathcal{O})$ et le diagramme analogue suivant emploie $\mathcal{O}$; notation source préservée.",,p03/evidence/SITES_MODULES_B_SOURCE_DEFECT_LEDGER.csv,D93C18BBAEF0AD6B060F4E004267551F2F836FD7018897324AEAC64555E81E3A
SITES-MODULES-CH18-006,B,SITES-MODULES-B-D004,sites-modules.tex,B7CD92AFF9DF33F05EEAB72C4B55E8AA33F3AEBD947FC53160E87CA80DFFB245,sites-modules.tex:2469,wrong_structure_sheaf_index,"(\Sh(\mathcal{D}/V), \mathcal{O}'_{V'})","(\Sh(\mathcal{D}/V), \mathcal{O}'_V)",,,Le sommet cible est localisé en $V$ et la flèche est $j_{V'/V}$; formule source préservée.,,p03/evidence/SITES_MODULES_B_SOURCE_DEFECT_LEDGER.csv,D93C18BBAEF0AD6B060F4E004267551F2F836FD7018897324AEAC64555E81E3A
SITES-MODULES-CH18-007,B,SITES-MODULES-B-D005,sites-modules.tex,B7CD92AFF9DF33F05EEAB72C4B55E8AA33F3AEBD947FC53160E87CA80DFFB245,sites-modules.tex:2823,wrong_morphism_subscript,"\ar[d]_{(f_c, f_c^\sharp)}","\ar[d]_{(f_s, f_s^\sharp)}",,,"Le lemme n'introduit que $s$ et nomme le morphisme $(f_s,f_s^\sharp)$ à la ligne 2831; formule source préservée.",,p03/evidence/SITES_MODULES_B_SOURCE_DEFECT_LEDGER.csv,D93C18BBAEF0AD6B060F4E004267551F2F836FD7018897324AEAC64555E81E3A
SITES-MODULES-CH18-008,B,SITES-MODULES-B-D006,sites-modules.tex,B7CD92AFF9DF33F05EEAB72C4B55E8AA33F3AEBD947FC53160E87CA80DFFB245,sites-modules.tex:2872,wrong_structure_sheaf_index,"(\Sh(\mathcal{D})/\mathcal{G}, \mathcal{O}'_{\mathcal{G}'})","(\Sh(\mathcal{D})/\mathcal{G}, \mathcal{O}'_\mathcal{G})",,,"Le sommet cible est la localisation en $\mathcal{G}$, tandis que le sommet source est celui en $\mathcal{G}'$; formule source préservée.",,p03/evidence/SITES_MODULES_B_SOURCE_DEFECT_LEDGER.csv,D93C18BBAEF0AD6B060F4E004267551F2F836FD7018897324AEAC64555E81E3A
SITES-MODULES-CH18-009,B,SITES-MODULES-B-D001,sites-modules.tex,B7CD92AFF9DF33F05EEAB72C4B55E8AA33F3AEBD947FC53160E87CA80DFFB245,sites-modules.tex:2962,typographical_word_substitution,Given $r \geq 0$ we sat $\mathcal{F}$ is,Given $r \geq 0$ we say $\mathcal{F}$ is,,,Le français rend la phrase comme une définition normale; aucune formule ni aucun octet de l'autorité n'a été modifié.,,p03/evidence/SITES_MODULES_B_SOURCE_DEFECT_LEDGER.csv,D93C18BBAEF0AD6B060F4E004267551F2F836FD7018897324AEAC64555E81E3A
SITES-MODULES-CH18-010,B,SITES-MODULES-B-D007,sites-modules.tex,B7CD92AFF9DF33F05EEAB72C4B55E8AA33F3AEBD947FC53160E87CA80DFFB245,sites-modules.tex:4101,missing_noun,Let $\mathcal{G}$ be an abelian on $\mathcal{C}$.,Let $\mathcal{G}$ be an abelian sheaf on $\mathcal{C}$.,,,Le contexte et les Hom suivants exigent un faisceau abélien; le français restitue le nom manquant sans modifier l'autorité.,,p03/evidence/SITES_MODULES_B_SOURCE_DEFECT_LEDGER.csv,D93C18BBAEF0AD6B060F4E004267551F2F836FD7018897324AEAC64555E81E3A
SITES-MODULES-CH18-011,C,SITES-MODULES-C-D004,sites-modules.tex,B7CD92AFF9DF33F05EEAB72C4B55E8AA33F3AEBD947FC53160E87CA80DFFB245,sites-modules.tex:4624,undefined_and_wrong_tensor_factor,\mathcal{G} \otimes_{\mathcal{O}_1} \mathcal{F},\mathcal{G} \otimes_{\mathcal{O}_1} \mathcal{H},,sites-modules.part-c.fr.tex:430,emended_in_french,"The left side is (G tensor O_2) tensor H; associativity gives G tensor H, and F is undefined in this lemma.",p03/evidence/SITES_MODULES_C_SOURCE_DEFECT_LEDGER.csv,04A3514FD6ED9EFFE4AFD35197E7BCFA1DBCB20831FCD865B6574B4625A22F1A
SITES-MODULES-CH18-012,C,SITES-MODULES-C-D005,sites-modules.tex,B7CD92AFF9DF33F05EEAB72C4B55E8AA33F3AEBD947FC53160E87CA80DFFB245,sites-modules.tex:4711,wrong_covering_target,\{U_{ij} \to U_j\},\{U_{ij} \to U_i\},,sites-modules.part-c.fr.tex:525,emended_in_french,The induction hypothesis is applied over U_i and the following restrictions and composite covering require U_ij -> U_i.,p03/evidence/SITES_MODULES_C_SOURCE_DEFECT_LEDGER.csv,04A3514FD6ED9EFFE4AFD35197E7BCFA1DBCB20831FCD865B6574B4625A22F1A
SITES-MODULES-CH18-013,C,SITES-MODULES-C-D006,sites-modules.tex,B7CD92AFF9DF33F05EEAB72C4B55E8AA33F3AEBD947FC53160E87CA80DFFB245,sites-modules.tex:4720,undefined_factorization_index,$C_i \circ B_i|_{U_{ij}} \circ A|_{U_{ij}} = 0$,$C_{ij} \circ B_i|_{U_{ij}} \circ A|_{U_{ij}} = 0$,,sites-modules.part-c.fr.tex:534,emended_in_french,The preceding display defines C_ij; no C_i is defined in this induction step.,p03/evidence/SITES_MODULES_C_SOURCE_DEFECT_LEDGER.csv,04A3514FD6ED9EFFE4AFD35197E7BCFA1DBCB20831FCD865B6574B4625A22F1A
SITES-MODULES-CH18-014,C,SITES-MODULES-C-D007,sites-modules.tex,B7CD92AFF9DF33F05EEAB72C4B55E8AA33F3AEBD947FC53160E87CA80DFFB245,sites-modules.tex:4723,undefined_factorization_index,$B_{ij} = C_i \circ B_i|_{U_{ij}}$,$B_{ij} = C_{ij} \circ B_i|_{U_{ij}}$,,sites-modules.part-c.fr.tex:536,emended_in_french,The desired factorization composes B_i with the just-defined C_ij.,p03/evidence/SITES_MODULES_C_SOURCE_DEFECT_LEDGER.csv,04A3514FD6ED9EFFE4AFD35197E7BCFA1DBCB20831FCD865B6574B4625A22F1A
SITES-MODULES-CH18-015,C,SITES-MODULES-C-D001,sites-modules.tex,B7CD92AFF9DF33F05EEAB72C4B55E8AA33F3AEBD947FC53160E87CA80DFFB245,sites-modules.tex:5616,wrong_category_for_object,$V \in \Ob(\mathcal{C})$,$V \in \Ob(\mathcal{D})$,,sites-modules.part-c.fr.tex:1500,emended_in_french,u has domain D; the next lines form O_V and D/V.,p03/evidence/SITES_MODULES_C_SOURCE_DEFECT_LEDGER.csv,04A3514FD6ED9EFFE4AFD35197E7BCFA1DBCB20831FCD865B6574B4625A22F1A
SITES-MODULES-CH18-016,C,SITES-MODULES-C-D002,sites-modules.tex,B7CD92AFF9DF33F05EEAB72C4B55E8AA33F3AEBD947FC53160E87CA80DFFB245,sites-modules.tex:5649,wrong_free_rank_in_hom_diagram,f^*\mathcal{G}^{\oplus n} \ar[d] \\,f^*\mathcal{G}^{\oplus m} \ar[d] \\,,sites-modules.part-c.fr.tex:1531,emended_in_french,"The presentation O_D^m -> O_D^n -> F gives Hom(F,G) -> G^n -> G^m.",p03/evidence/SITES_MODULES_C_SOURCE_DEFECT_LEDGER.csv,04A3514FD6ED9EFFE4AFD35197E7BCFA1DBCB20831FCD865B6574B4625A22F1A
SITES-MODULES-CH18-017,C,SITES-MODULES-C-D003,sites-modules.tex,B7CD92AFF9DF33F05EEAB72C4B55E8AA33F3AEBD947FC53160E87CA80DFFB245,sites-modules.tex:5654,wrong_free_rank_in_hom_diagram,f^*\mathcal{G}^{\oplus n},f^*\mathcal{G}^{\oplus m},,sites-modules.part-c.fr.tex:1536,emended_in_french,The lower row represents the same Hom sequence and must end in G^m.,p03/evidence/SITES_MODULES_C_SOURCE_DEFECT_LEDGER.csv,04A3514FD6ED9EFFE4AFD35197E7BCFA1DBCB20831FCD865B6574B4625A22F1A
SITES-MODULES-CH18-018,C,SITES-MODULES-C-D008,sites-modules.tex,B7CD92AFF9DF33F05EEAB72C4B55E8AA33F3AEBD947FC53160E87CA80DFFB245,sites-modules.tex:6157,duplicated_Leibniz_summand,\text{d}f_2 \otimes f_1 + \text{d}f_2 \otimes f_1 = 0,\text{d}f_2 \otimes f_1 + \text{d}f_1 \otimes f_2 = 0,,sites-modules.part-c.fr.tex:2103,emended_in_french,The Leibniz expansion has the two symmetric terms d f_2 tensor f_1 and d f_1 tensor f_2.,p03/evidence/SITES_MODULES_C_SOURCE_DEFECT_LEDGER.csv,04A3514FD6ED9EFFE4AFD35197E7BCFA1DBCB20831FCD865B6574B4625A22F1A
SITES-MODULES-CH18-019,C,SITES-MODULES-C-D012,sites-modules.tex,B7CD92AFF9DF33F05EEAB72C4B55E8AA33F3AEBD947FC53160E87CA80DFFB245,sites-modules.tex:6202,missing_copula,Assume $\mathcal{F}$ an ideal sheaf,Suppose that $\mathcal{F}$ is an ideal sheaf,,sites-modules.part-c.fr.tex:2147,translated_with_grammar_repair,The English source omits the copula; the French sentence states the intended square-zero ideal hypothesis without changing mathematics.,p03/evidence/SITES_MODULES_C_SOURCE_DEFECT_LEDGER.csv,04A3514FD6ED9EFFE4AFD35197E7BCFA1DBCB20831FCD865B6574B4625A22F1A
SITES-MODULES-CH18-020,C,SITES-MODULES-C-D009,sites-modules.tex,B7CD92AFF9DF33F05EEAB72C4B55E8AA33F3AEBD947FC53160E87CA80DFFB245,sites-modules.tex:6207,wrong_codomain_for_section,$s : \mathcal{O}_2 \to \mathcal{F}$,$s : \mathcal{O}_2 \to \mathcal{A}$,,sites-modules.part-c.fr.tex:2152,emended_in_french,"A section of pi : A -> O_2 has codomain A, as lines 6205-6206 already state.",p03/evidence/SITES_MODULES_C_SOURCE_DEFECT_LEDGER.csv,04A3514FD6ED9EFFE4AFD35197E7BCFA1DBCB20831FCD865B6574B4625A22F1A
SITES-MODULES-CH18-021,C,SITES-MODULES-C-D010,sites-modules.tex,B7CD92AFF9DF33F05EEAB72C4B55E8AA33F3AEBD947FC53160E87CA80DFFB245,sites-modules.tex:6208,wrong_domain_for_derivation,$D : \mathcal{O}_1 \to \mathcal{F}$,$D : \mathcal{O}_2 \to \mathcal{F}$,,sites-modules.part-c.fr.tex:2153,emended_in_french,A phi-derivation for phi : O_1 -> O_2 has domain O_2.,p03/evidence/SITES_MODULES_C_SOURCE_DEFECT_LEDGER.csv,04A3514FD6ED9EFFE4AFD35197E7BCFA1DBCB20831FCD865B6574B4625A22F1A
SITES-MODULES-CH18-022,C,SITES-MODULES-C-D011,sites-modules.tex,B7CD92AFF9DF33F05EEAB72C4B55E8AA33F3AEBD947FC53160E87CA80DFFB245,sites-modules.tex:6211,wrong_domain_for_sum_section,s + D : \mathcal{O}_1 \to \mathcal{A},s + D : \mathcal{O}_2 \to \mathcal{A},,sites-modules.part-c.fr.tex:2155,emended_in_french,"The section s and derivation D have common domain O_2, and their sum is another section of pi.",p03/evidence/SITES_MODULES_C_SOURCE_DEFECT_LEDGER.csv,04A3514FD6ED9EFFE4AFD35197E7BCFA1DBCB20831FCD865B6574B4625A22F1A
SITES-MODULES-CH18-023,C,SITES-MODULES-C-D013,sites-modules.tex,B7CD92AFF9DF33F05EEAB72C4B55E8AA33F3AEBD947FC53160E87CA80DFFB245,sites-modules.tex:6321,ill_typed_functoriality_equation,c_f \circ f^*t = f^*\text{d}_{X/Y}(t),c_f \circ f^*\text{d}_{X/Y}(t) = \text{d}_{X'/Y'}(f^*t),,sites-modules.part-c.fr.tex:2279,emended_in_french,The source equation is ill-typed; this correction exactly expresses the lemma's preceding characterization.,p03/evidence/SITES_MODULES_C_SOURCE_DEFECT_LEDGER.csv,04A3514FD6ED9EFFE4AFD35197E7BCFA1DBCB20831FCD865B6574B4625A22F1A
SITES-MODULES-CH18-024,D,SITES-MODULES-001,sites-modules.tex,B7CD92AFF9DF33F05EEAB72C4B55E8AA33F3AEBD947FC53160E87CA80DFFB245,sites-modules.tex:6354,typographical,is an is an $\mathcal{O}_1$-linear map,is an $\mathcal{O}_1$-linear map,,,normalized_in_translation,Duplicated words in the definition of a differential operator.,p03/evidence/SITES_MODULES_D_SOURCE_DEFECTS.csv,DB808D9F6AE78AA14191A50BEAB51A7F572722B5061C850A839BA47077F3DB6F
SITES-MODULES-CH18-025,D,SITES-MODULES-002,sites-modules.tex,B7CD92AFF9DF33F05EEAB72C4B55E8AA33F3AEBD947FC53160E87CA80DFFB245,sites-modules.tex:6655,grammatical,a sheaves of sets,a sheaf of sets,,,normalized_in_translation,Number-agreement error; the variable E is a single sheaf.,p03/evidence/SITES_MODULES_D_SOURCE_DEFECTS.csv,DB808D9F6AE78AA14191A50BEAB51A7F572722B5061C850A839BA47077F3DB6F
SITES-MODULES-CH18-026,D,SITES-MODULES-003,sites-modules.tex,B7CD92AFF9DF33F05EEAB72C4B55E8AA33F3AEBD947FC53160E87CA80DFFB245,sites-modules.tex:6755,grammatical,be morphism of topoi,be a morphism of topoi,,,normalized_in_translation,Missing indefinite article.,p03/evidence/SITES_MODULES_D_SOURCE_DEFECTS.csv,DB808D9F6AE78AA14191A50BEAB51A7F572722B5061C850A839BA47077F3DB6F
SITES-MODULES-CH18-027,D,SITES-MODULES-004,sites-modules.tex,B7CD92AFF9DF33F05EEAB72C4B55E8AA33F3AEBD947FC53160E87CA80DFFB245,sites-modules.tex:7287,mathematical,$\phi : U \to u(V)$ of $\mathcal{D}$,$\phi : U \to u(V)$ of $\mathcal{C}$,,,source_preserved_pending_canon,U and u(V) are objects of C because u:D→C; the displayed morphism cannot be a morphism of D. The strict French v3 target presently preserves the authority token pending canon disposition.,p03/evidence/SITES_MODULES_D_SOURCE_DEFECTS.csv,DB808D9F6AE78AA14191A50BEAB51A7F572722B5061C850A839BA47077F3DB6F
SITES-MODULES-CH18-028,D,SITES-MODULES-005,sites-modules.tex,B7CD92AFF9DF33F05EEAB72C4B55E8AA33F3AEBD947FC53160E87CA80DFFB245,sites-modules.tex:7308,mathematical,"$B_i \circ (f''_1, \ldots, f''_n)|_{V_i} = 0$.","$B''_i \circ (f''_1, \ldots, f''_n)|_{V_i} = 0$.",,,emended_in_french,B''_i is the just-defined matrix on V_i; B_i is introduced only on the next line after pullback to U_i.,p03/evidence/SITES_MODULES_D_SOURCE_DEFECTS.csv,DB808D9F6AE78AA14191A50BEAB51A7F572722B5061C850A839BA47077F3DB6F
SITES-MODULES-CH18-029,D,SITES-MODULES-006,sites-modules.tex,B7CD92AFF9DF33F05EEAB72C4B55E8AA33F3AEBD947FC53160E87CA80DFFB245,sites-modules.tex:7802,typographical,"(\Sh(\mathcal{C}, \mathcal{O})","(\Sh(\mathcal{C}), \mathcal{O})",,,emended_in_french,"The closing parenthesis of Sh(C) is misplaced, corrupting the ringed-topos pair.",p03/evidence/SITES_MODULES_D_SOURCE_DEFECTS.csv,DB808D9F6AE78AA14191A50BEAB51A7F572722B5061C850A839BA47077F3DB6F
SITES-MODULES-CH18-030,D,SITES-MODULES-007,sites-modules.tex,B7CD92AFF9DF33F05EEAB72C4B55E8AA33F3AEBD947FC53160E87CA80DFFB245,sites-modules.tex:7967,mathematical,$\Sh(\mathcal{C})/\mathcal{F}$,$\Sh(\mathcal{C}/U)$,,,emended_in_french,"The proof is treating item (3), where U is defined and F is not; the restriction is to the localized site topos Sh(C/U).",p03/evidence/SITES_MODULES_D_SOURCE_DEFECTS.csv,DB808D9F6AE78AA14191A50BEAB51A7F572722B5061C850A839BA47077F3DB6F
SITES-MODULES-CH18-031,D,SITES-MODULES-008,sites-modules.tex,B7CD92AFF9DF33F05EEAB72C4B55E8AA33F3AEBD947FC53160E87CA80DFFB245,sites-modules.tex:8033,grammatical,a similar formula holds a direct sum,a similar formula holds for a direct sum,,,normalized_in_translation,Missing preposition.,p03/evidence/SITES_MODULES_D_SOURCE_DEFECTS.csv,DB808D9F6AE78AA14191A50BEAB51A7F572722B5061C850A839BA47077F3DB6F
SITES-MODULES-CH18-032,D,SITES-MODULES-009,sites-modules.tex,B7CD92AFF9DF33F05EEAB72C4B55E8AA33F3AEBD947FC53160E87CA80DFFB245,sites-modules.tex:8745,grammatical,has an left adjoint,has a left adjoint,,,normalized_in_translation,Incorrect indefinite article.,p03/evidence/SITES_MODULES_D_SOURCE_DEFECTS.csv,DB808D9F6AE78AA14191A50BEAB51A7F572722B5061C850A839BA47077F3DB6F
