record_type,lease,local_id,local_id_origin,canonical_id,canonical_operation_id,operation_sha256,authority_sha256,source_locator
source_defect,A,INJECTIVES-A-D001,source,INJECTIVES-CH19-D001,,,B1367E48800C53D72C495D386EEF2D4D6C400652F9D00E69F664F17418D26520,injectives.tex:69
source_defect,A,INJECTIVES-A-D002,source,INJECTIVES-CH19-D002,,,B1367E48800C53D72C495D386EEF2D4D6C400652F9D00E69F664F17418D26520,injectives.tex:71
source_defect,A,INJECTIVES-A-D003,source,INJECTIVES-CH19-D003,,,B1367E48800C53D72C495D386EEF2D4D6C400652F9D00E69F664F17418D26520,injectives.tex:172
source_defect,B,INJECTIVES-B-D001,source,INJECTIVES-CH19-D004,,,B1367E48800C53D72C495D386EEF2D4D6C400652F9D00E69F664F17418D26520,injectives.tex:741
source_defect,B,INJECTIVES-B-D002,source,INJECTIVES-CH19-D005,,,B1367E48800C53D72C495D386EEF2D4D6C400652F9D00E69F664F17418D26520,injectives.tex:913
source_defect,B,INJECTIVES-B-D003,source,INJECTIVES-CH19-D006,,,B1367E48800C53D72C495D386EEF2D4D6C400652F9D00E69F664F17418D26520,injectives.tex:936
source_defect,B,INJECTIVES-B-D004,source,INJECTIVES-CH19-D007,,,B1367E48800C53D72C495D386EEF2D4D6C400652F9D00E69F664F17418D26520,injectives.tex:959-961
source_defect,B,INJECTIVES-B-D005,source,INJECTIVES-CH19-D008,,,B1367E48800C53D72C495D386EEF2D4D6C400652F9D00E69F664F17418D26520,injectives.tex:973-974
source_defect,B,INJECTIVES-B-D006,source,INJECTIVES-CH19-D009,,,B1367E48800C53D72C495D386EEF2D4D6C400652F9D00E69F664F17418D26520,injectives.tex:1230-1231
source_defect,B,INJECTIVES-B-D007,source,INJECTIVES-CH19-D010,,,B1367E48800C53D72C495D386EEF2D4D6C400652F9D00E69F664F17418D26520,injectives.tex:1233-1234
source_defect,C,INJECTIVES-C-D001,source,INJECTIVES-CH19-D011,INJECTIVES-CH19-OP001,C26B5B7433E224DE2926370599E5075D1F7FCE7E4341FE7CFCCDA5F2D3C005AC,B1367E48800C53D72C495D386EEF2D4D6C400652F9D00E69F664F17418D26520,injectives.tex:1371
source_defect,C,INJECTIVES-C-D002,source,INJECTIVES-CH19-D012,,,B1367E48800C53D72C495D386EEF2D4D6C400652F9D00E69F664F17418D26520,injectives.tex:1494
source_defect,C,INJECTIVES-C-D003,source,INJECTIVES-CH19-D013,,,B1367E48800C53D72C495D386EEF2D4D6C400652F9D00E69F664F17418D26520,injectives.tex:1644
source_defect,C,INJECTIVES-C-D004,source,INJECTIVES-CH19-D014,INJECTIVES-CH19-OP002,E3BE24B94E2D5292A8CC0B769FD3BB37479EC47ABB97CC04C31F9426843189AA,B1367E48800C53D72C495D386EEF2D4D6C400652F9D00E69F664F17418D26520,injectives.tex:1663
source_defect,C,INJECTIVES-C-D005,source,INJECTIVES-CH19-D015,,,B1367E48800C53D72C495D386EEF2D4D6C400652F9D00E69F664F17418D26520,injectives.tex:1711
source_defect,C,INJECTIVES-C-D006,source,INJECTIVES-CH19-D016,,,B1367E48800C53D72C495D386EEF2D4D6C400652F9D00E69F664F17418D26520,injectives.tex:1758
source_defect,C,INJECTIVES-C-D007,source,INJECTIVES-CH19-D017,INJECTIVES-CH19-OP003,BBB8DC2F03CBA6273ABFB307A592E1E45F678D0AF09CBC9BC8CF76BDEF93EF18,B1367E48800C53D72C495D386EEF2D4D6C400652F9D00E69F664F17418D26520,injectives.tex:1794
source_defect,C,INJECTIVES-C-D008,source,INJECTIVES-CH19-D018,,,B1367E48800C53D72C495D386EEF2D4D6C400652F9D00E69F664F17418D26520,injectives.tex:1869
source_defect,C,INJECTIVES-C-D009,source,INJECTIVES-CH19-D019,,,B1367E48800C53D72C495D386EEF2D4D6C400652F9D00E69F664F17418D26520,injectives.tex:1882
source_defect,C,INJECTIVES-C-D010,source,INJECTIVES-CH19-D020,INJECTIVES-CH19-OP004,11AF34B6A4B47AE8AA5C118DDCAF657B968BCF98371D15424E6303F5A80F93B1,B1367E48800C53D72C495D386EEF2D4D6C400652F9D00E69F664F17418D26520,injectives.tex:1883
source_defect,C,INJECTIVES-C-D011,source,INJECTIVES-CH19-D021,INJECTIVES-CH19-OP005,43760530284DD4975C9253A6832233852AADCC485321116CAB39529B88BF15A7,B1367E48800C53D72C495D386EEF2D4D6C400652F9D00E69F664F17418D26520,injectives.tex:1920
source_defect,C,INJECTIVES-C-D012,source,INJECTIVES-CH19-D022,,,B1367E48800C53D72C495D386EEF2D4D6C400652F9D00E69F664F17418D26520,injectives.tex:1956
source_defect,D,INJECTIVES-D-001,source,INJECTIVES-CH19-D023,INJECTIVES-CH19-OP006,936988565B3A222DEDA76FAEC71535C324EE406F46281B03B5F13464817E8A42,B1367E48800C53D72C495D386EEF2D4D6C400652F9D00E69F664F17418D26520,injectives.tex:2149
source_defect,D,INJECTIVES-D-002,source,INJECTIVES-CH19-D024,INJECTIVES-CH19-OP007,D84553507B130A572F0609237060EF24F2588F39D4889E09435C42C629614319,B1367E48800C53D72C495D386EEF2D4D6C400652F9D00E69F664F17418D26520,injectives.tex:2206
source_defect,D,INJECTIVES-D-003,source,INJECTIVES-CH19-D025,INJECTIVES-CH19-OP008,3C005C035258C60E2103E1456CB1CC5DEE501390793EEE13BDC22D72D9EF5CA5,B1367E48800C53D72C495D386EEF2D4D6C400652F9D00E69F664F17418D26520,injectives.tex:2214
source_defect,D,INJECTIVES-D-004,source,INJECTIVES-CH19-D026,INJECTIVES-CH19-OP009,CEF38467B1D23A57AD7C52DAC1E1C29880F2853D7B4E4A6DC9691004B1C48047,B1367E48800C53D72C495D386EEF2D4D6C400652F9D00E69F664F17418D26520,injectives.tex:2410
source_defect,D,INJECTIVES-D-005,source,INJECTIVES-CH19-D027,INJECTIVES-CH19-OP010,029F8C87547033C82E4B49570F3FFE5E37FF6009A4083671D1886D8ED236DF36,B1367E48800C53D72C495D386EEF2D4D6C400652F9D00E69F664F17418D26520,injectives.tex:2578
source_defect,D,INJECTIVES-D-006,source,INJECTIVES-CH19-D028,INJECTIVES-CH19-OP011,764BEA9FA8EC3DA1E1ACDBCB121651F1F58A075865FCAD9972932141007D811F,B1367E48800C53D72C495D386EEF2D4D6C400652F9D00E69F664F17418D26520,injectives.tex:2786
terminology,A,INJECTIVES-A-T001,source,INJECTIVES-CH19-T001,,,B1367E48800C53D72C495D386EEF2D4D6C400652F9D00E69F664F17418D26520,injectives.tex:21-25
terminology,A,INJECTIVES-A-T002,source,INJECTIVES-CH19-T002,,,B1367E48800C53D72C495D386EEF2D4D6C400652F9D00E69F664F17418D26520,injectives.tex:22-24
terminology,A,INJECTIVES-A-T003,source,INJECTIVES-CH19-T003,,,B1367E48800C53D72C495D386EEF2D4D6C400652F9D00E69F664F17418D26520,injectives.tex:25
terminology,A,INJECTIVES-A-T004,source,INJECTIVES-CH19-T004,,,B1367E48800C53D72C495D386EEF2D4D6C400652F9D00E69F664F17418D26520,injectives.tex:29-32
terminology,A,INJECTIVES-A-T005,source,INJECTIVES-CH19-T005,,,B1367E48800C53D72C495D386EEF2D4D6C400652F9D00E69F664F17418D26520,injectives.tex:44
terminology,A,INJECTIVES-A-T006,source,INJECTIVES-CH19-T006,,,B1367E48800C53D72C495D386EEF2D4D6C400652F9D00E69F664F17418D26520,injectives.tex:44;247
terminology,A,INJECTIVES-A-T007,source,INJECTIVES-CH19-T007,,,B1367E48800C53D72C495D386EEF2D4D6C400652F9D00E69F664F17418D26520,injectives.tex:56-58
terminology,A,INJECTIVES-A-T008,source,INJECTIVES-CH19-T008,,,B1367E48800C53D72C495D386EEF2D4D6C400652F9D00E69F664F17418D26520,injectives.tex:147-149
terminology,A,INJECTIVES-A-T009,source,INJECTIVES-CH19-T009,,,B1367E48800C53D72C495D386EEF2D4D6C400652F9D00E69F664F17418D26520,injectives.tex:173-174
terminology,A,INJECTIVES-A-T010,source,INJECTIVES-CH19-T010,,,B1367E48800C53D72C495D386EEF2D4D6C400652F9D00E69F664F17418D26520,injectives.tex:181;341
terminology,A,INJECTIVES-A-T011,source,INJECTIVES-CH19-T011,,,B1367E48800C53D72C495D386EEF2D4D6C400652F9D00E69F664F17418D26520,injectives.tex:354
terminology,A,INJECTIVES-A-T013,source,INJECTIVES-CH19-T012,,,B1367E48800C53D72C495D386EEF2D4D6C400652F9D00E69F664F17418D26520,injectives.tex:421;579
terminology,A,INJECTIVES-A-T012,source,INJECTIVES-CH19-T013,,,B1367E48800C53D72C495D386EEF2D4D6C400652F9D00E69F664F17418D26520,injectives.tex:423
terminology,A,INJECTIVES-A-T014,source,INJECTIVES-CH19-T014,,,B1367E48800C53D72C495D386EEF2D4D6C400652F9D00E69F664F17418D26520,injectives.tex:424
terminology,A,INJECTIVES-A-T015,source,INJECTIVES-CH19-T015,,,B1367E48800C53D72C495D386EEF2D4D6C400652F9D00E69F664F17418D26520,injectives.tex:449-456
terminology,A,INJECTIVES-A-T016,source,INJECTIVES-CH19-T016,,,B1367E48800C53D72C495D386EEF2D4D6C400652F9D00E69F664F17418D26520,injectives.tex:458-460
terminology,A,INJECTIVES-A-T017,source,INJECTIVES-CH19-T017,,,B1367E48800C53D72C495D386EEF2D4D6C400652F9D00E69F664F17418D26520,injectives.tex:471-472
terminology,A,INJECTIVES-A-T018,source,INJECTIVES-CH19-T018,,,B1367E48800C53D72C495D386EEF2D4D6C400652F9D00E69F664F17418D26520,injectives.tex:493-500
terminology,A,INJECTIVES-A-T019,source,INJECTIVES-CH19-T019,,,B1367E48800C53D72C495D386EEF2D4D6C400652F9D00E69F664F17418D26520,injectives.tex:568-594
terminology,A,INJECTIVES-A-T020,source,INJECTIVES-CH19-T020,,,B1367E48800C53D72C495D386EEF2D4D6C400652F9D00E69F664F17418D26520,injectives.tex:618-620
terminology,B,INJECTIVES-B-T001,source,INJECTIVES-CH19-T021,,,B1367E48800C53D72C495D386EEF2D4D6C400652F9D00E69F664F17418D26520,injectives.tex:672
terminology,B,INJECTIVES-B-T002,source,INJECTIVES-CH19-T022,,,B1367E48800C53D72C495D386EEF2D4D6C400652F9D00E69F664F17418D26520,injectives.tex:677
terminology,B,INJECTIVES-B-T003,source,INJECTIVES-CH19-T023,,,B1367E48800C53D72C495D386EEF2D4D6C400652F9D00E69F664F17418D26520,injectives.tex:680
terminology,B,INJECTIVES-B-T004,source,INJECTIVES-CH19-T024,,,B1367E48800C53D72C495D386EEF2D4D6C400652F9D00E69F664F17418D26520,injectives.tex:690
terminology,B,INJECTIVES-B-T005,source,INJECTIVES-CH19-T025,,,B1367E48800C53D72C495D386EEF2D4D6C400652F9D00E69F664F17418D26520,injectives.tex:702
terminology,B,INJECTIVES-B-T006,source,INJECTIVES-CH19-T026,,,B1367E48800C53D72C495D386EEF2D4D6C400652F9D00E69F664F17418D26520,injectives.tex:706
terminology,B,INJECTIVES-B-T007,source,INJECTIVES-CH19-T027,,,B1367E48800C53D72C495D386EEF2D4D6C400652F9D00E69F664F17418D26520,injectives.tex:765-777
terminology,B,INJECTIVES-B-T008,source,INJECTIVES-CH19-T028,,,B1367E48800C53D72C495D386EEF2D4D6C400652F9D00E69F664F17418D26520,injectives.tex:769
terminology,B,INJECTIVES-B-T009,source,INJECTIVES-CH19-T029,,,B1367E48800C53D72C495D386EEF2D4D6C400652F9D00E69F664F17418D26520,injectives.tex:845
terminology,B,INJECTIVES-B-T010,source,INJECTIVES-CH19-T030,,,B1367E48800C53D72C495D386EEF2D4D6C400652F9D00E69F664F17418D26520,injectives.tex:878
terminology,B,INJECTIVES-B-T011,source,INJECTIVES-CH19-T031,,,B1367E48800C53D72C495D386EEF2D4D6C400652F9D00E69F664F17418D26520,injectives.tex:902-903
terminology,B,INJECTIVES-B-T012,source,INJECTIVES-CH19-T032,,,B1367E48800C53D72C495D386EEF2D4D6C400652F9D00E69F664F17418D26520,injectives.tex:913
terminology,B,INJECTIVES-B-T013,source,INJECTIVES-CH19-T033,,,B1367E48800C53D72C495D386EEF2D4D6C400652F9D00E69F664F17418D26520,injectives.tex:915
terminology,B,INJECTIVES-B-T014,source,INJECTIVES-CH19-T034,,,B1367E48800C53D72C495D386EEF2D4D6C400652F9D00E69F664F17418D26520,injectives.tex:948
terminology,B,INJECTIVES-B-T015,source,INJECTIVES-CH19-T035,,,B1367E48800C53D72C495D386EEF2D4D6C400652F9D00E69F664F17418D26520,injectives.tex:1041
terminology,B,INJECTIVES-B-T016,source,INJECTIVES-CH19-T036,,,B1367E48800C53D72C495D386EEF2D4D6C400652F9D00E69F664F17418D26520,injectives.tex:1070
terminology,B,INJECTIVES-B-T017,source,INJECTIVES-CH19-T037,,,B1367E48800C53D72C495D386EEF2D4D6C400652F9D00E69F664F17418D26520,injectives.tex:1080
terminology,B,INJECTIVES-B-T018,source,INJECTIVES-CH19-T038,,,B1367E48800C53D72C495D386EEF2D4D6C400652F9D00E69F664F17418D26520,injectives.tex:1084
terminology,B,INJECTIVES-B-T019,source,INJECTIVES-CH19-T039,,,B1367E48800C53D72C495D386EEF2D4D6C400652F9D00E69F664F17418D26520,injectives.tex:1146
terminology,B,INJECTIVES-B-T020,source,INJECTIVES-CH19-T040,,,B1367E48800C53D72C495D386EEF2D4D6C400652F9D00E69F664F17418D26520,injectives.tex:1176
terminology,B,INJECTIVES-B-T021,source,INJECTIVES-CH19-T041,,,B1367E48800C53D72C495D386EEF2D4D6C400652F9D00E69F664F17418D26520,injectives.tex:1204
terminology,B,INJECTIVES-B-T022,source,INJECTIVES-CH19-T042,,,B1367E48800C53D72C495D386EEF2D4D6C400652F9D00E69F664F17418D26520,injectives.tex:1212
terminology,B,INJECTIVES-B-T023,source,INJECTIVES-CH19-T043,,,B1367E48800C53D72C495D386EEF2D4D6C400652F9D00E69F664F17418D26520,injectives.tex:1217
terminology,B,INJECTIVES-B-T024,source,INJECTIVES-CH19-T044,,,B1367E48800C53D72C495D386EEF2D4D6C400652F9D00E69F664F17418D26520,injectives.tex:1230
terminology,B,INJECTIVES-B-T025,source,INJECTIVES-CH19-T045,,,B1367E48800C53D72C495D386EEF2D4D6C400652F9D00E69F664F17418D26520,injectives.tex:1278
terminology,B,INJECTIVES-B-T026,source,INJECTIVES-CH19-T046,,,B1367E48800C53D72C495D386EEF2D4D6C400652F9D00E69F664F17418D26520,injectives.tex:1284
terminology,B,INJECTIVES-B-T027,source,INJECTIVES-CH19-T047,,,B1367E48800C53D72C495D386EEF2D4D6C400652F9D00E69F664F17418D26520,injectives.tex:1286-1289
terminology,C,INJECTIVES-C-T001,source,INJECTIVES-CH19-T048,,,B1367E48800C53D72C495D386EEF2D4D6C400652F9D00E69F664F17418D26520,injectives.tex:1333
terminology,C,INJECTIVES-C-T002,source,INJECTIVES-CH19-T049,,,B1367E48800C53D72C495D386EEF2D4D6C400652F9D00E69F664F17418D26520,injectives.tex:1337-1338
terminology,C,INJECTIVES-C-T003,source,INJECTIVES-CH19-T050,,,B1367E48800C53D72C495D386EEF2D4D6C400652F9D00E69F664F17418D26520,injectives.tex:1343
terminology,C,INJECTIVES-C-T004,source,INJECTIVES-CH19-T051,,,B1367E48800C53D72C495D386EEF2D4D6C400652F9D00E69F664F17418D26520,injectives.tex:1347-1352
terminology,C,INJECTIVES-C-T005,source,INJECTIVES-CH19-T052,,,B1367E48800C53D72C495D386EEF2D4D6C400652F9D00E69F664F17418D26520,injectives.tex:1383-1385
terminology,C,INJECTIVES-C-T006,source,INJECTIVES-CH19-T053,,,B1367E48800C53D72C495D386EEF2D4D6C400652F9D00E69F664F17418D26520,injectives.tex:1421
terminology,C,INJECTIVES-C-T007,source,INJECTIVES-CH19-T054,,,B1367E48800C53D72C495D386EEF2D4D6C400652F9D00E69F664F17418D26520,injectives.tex:1456-1458
terminology,C,INJECTIVES-C-T008,source,INJECTIVES-CH19-T055,,,B1367E48800C53D72C495D386EEF2D4D6C400652F9D00E69F664F17418D26520,injectives.tex:1501-1518
terminology,C,INJECTIVES-C-T009,source,INJECTIVES-CH19-T056,,,B1367E48800C53D72C495D386EEF2D4D6C400652F9D00E69F664F17418D26520,injectives.tex:1508
terminology,C,INJECTIVES-C-T010,source,INJECTIVES-CH19-T057,,,B1367E48800C53D72C495D386EEF2D4D6C400652F9D00E69F664F17418D26520,injectives.tex:1521
terminology,C,INJECTIVES-C-T011,source,INJECTIVES-CH19-T058,,,B1367E48800C53D72C495D386EEF2D4D6C400652F9D00E69F664F17418D26520,injectives.tex:1557
terminology,C,INJECTIVES-C-T012,source,INJECTIVES-CH19-T059,,,B1367E48800C53D72C495D386EEF2D4D6C400652F9D00E69F664F17418D26520,injectives.tex:1596-1601
terminology,C,INJECTIVES-C-T013,source,INJECTIVES-CH19-T060,,,B1367E48800C53D72C495D386EEF2D4D6C400652F9D00E69F664F17418D26520,injectives.tex:1715
terminology,C,INJECTIVES-C-T014,source,INJECTIVES-CH19-T061,,,B1367E48800C53D72C495D386EEF2D4D6C400652F9D00E69F664F17418D26520,injectives.tex:1737
terminology,C,INJECTIVES-C-T015,source,INJECTIVES-CH19-T062,,,B1367E48800C53D72C495D386EEF2D4D6C400652F9D00E69F664F17418D26520,injectives.tex:1906-1910
terminology,C,INJECTIVES-C-T016,source,INJECTIVES-CH19-T063,,,B1367E48800C53D72C495D386EEF2D4D6C400652F9D00E69F664F17418D26520,injectives.tex:1906
terminology,C,INJECTIVES-C-T017,source,INJECTIVES-CH19-T064,,,B1367E48800C53D72C495D386EEF2D4D6C400652F9D00E69F664F17418D26520,injectives.tex:2013-2017
terminology,C,INJECTIVES-C-T018,source,INJECTIVES-CH19-T065,,,B1367E48800C53D72C495D386EEF2D4D6C400652F9D00E69F664F17418D26520,injectives.tex:2075
terminology,D,INJECTIVES-D-T001,deterministic_row_number,INJECTIVES-CH19-T066,,,B1367E48800C53D72C495D386EEF2D4D6C400652F9D00E69F664F17418D26520,injectives.tex:2109
terminology,D,INJECTIVES-D-T002,deterministic_row_number,INJECTIVES-CH19-T067,,,B1367E48800C53D72C495D386EEF2D4D6C400652F9D00E69F664F17418D26520,injectives.tex:2110
terminology,D,INJECTIVES-D-T003,deterministic_row_number,INJECTIVES-CH19-T068,,,B1367E48800C53D72C495D386EEF2D4D6C400652F9D00E69F664F17418D26520,injectives.tex:2118
terminology,D,INJECTIVES-D-T004,deterministic_row_number,INJECTIVES-CH19-T069,,,B1367E48800C53D72C495D386EEF2D4D6C400652F9D00E69F664F17418D26520,injectives.tex:2119
terminology,D,INJECTIVES-D-T005,deterministic_row_number,INJECTIVES-CH19-T070,,,B1367E48800C53D72C495D386EEF2D4D6C400652F9D00E69F664F17418D26520,injectives.tex:2166
terminology,D,INJECTIVES-D-T006,deterministic_row_number,INJECTIVES-CH19-T071,,,B1367E48800C53D72C495D386EEF2D4D6C400652F9D00E69F664F17418D26520,injectives.tex:2228
terminology,D,INJECTIVES-D-T007,deterministic_row_number,INJECTIVES-CH19-T072,,,B1367E48800C53D72C495D386EEF2D4D6C400652F9D00E69F664F17418D26520,injectives.tex:2229
terminology,D,INJECTIVES-D-T008,deterministic_row_number,INJECTIVES-CH19-T073,,,B1367E48800C53D72C495D386EEF2D4D6C400652F9D00E69F664F17418D26520,injectives.tex:2251
terminology,D,INJECTIVES-D-T009,deterministic_row_number,INJECTIVES-CH19-T074,,,B1367E48800C53D72C495D386EEF2D4D6C400652F9D00E69F664F17418D26520,injectives.tex:2252
terminology,D,INJECTIVES-D-T010,deterministic_row_number,INJECTIVES-CH19-T075,,,B1367E48800C53D72C495D386EEF2D4D6C400652F9D00E69F664F17418D26520,injectives.tex:2252
terminology,D,INJECTIVES-D-T011,deterministic_row_number,INJECTIVES-CH19-T076,,,B1367E48800C53D72C495D386EEF2D4D6C400652F9D00E69F664F17418D26520,injectives.tex:2306
terminology,D,INJECTIVES-D-T012,deterministic_row_number,INJECTIVES-CH19-T077,,,B1367E48800C53D72C495D386EEF2D4D6C400652F9D00E69F664F17418D26520,injectives.tex:2380
terminology,D,INJECTIVES-D-T013,deterministic_row_number,INJECTIVES-CH19-T078,,,B1367E48800C53D72C495D386EEF2D4D6C400652F9D00E69F664F17418D26520,injectives.tex:2387
terminology,D,INJECTIVES-D-T014,deterministic_row_number,INJECTIVES-CH19-T079,,,B1367E48800C53D72C495D386EEF2D4D6C400652F9D00E69F664F17418D26520,injectives.tex:2493
terminology,D,INJECTIVES-D-T015,deterministic_row_number,INJECTIVES-CH19-T080,,,B1367E48800C53D72C495D386EEF2D4D6C400652F9D00E69F664F17418D26520,injectives.tex:2536
terminology,D,INJECTIVES-D-T016,deterministic_row_number,INJECTIVES-CH19-T081,,,B1367E48800C53D72C495D386EEF2D4D6C400652F9D00E69F664F17418D26520,injectives.tex:2544
terminology,D,INJECTIVES-D-T017,deterministic_row_number,INJECTIVES-CH19-T082,,,B1367E48800C53D72C495D386EEF2D4D6C400652F9D00E69F664F17418D26520,injectives.tex:2548
terminology,D,INJECTIVES-D-T018,deterministic_row_number,INJECTIVES-CH19-T083,,,B1367E48800C53D72C495D386EEF2D4D6C400652F9D00E69F664F17418D26520,injectives.tex:2559
terminology,D,INJECTIVES-D-T019,deterministic_row_number,INJECTIVES-CH19-T084,,,B1367E48800C53D72C495D386EEF2D4D6C400652F9D00E69F664F17418D26520,injectives.tex:2640
terminology,D,INJECTIVES-D-T020,deterministic_row_number,INJECTIVES-CH19-T085,,,B1367E48800C53D72C495D386EEF2D4D6C400652F9D00E69F664F17418D26520,injectives.tex:2668
terminology,D,INJECTIVES-D-T021,deterministic_row_number,INJECTIVES-CH19-T086,,,B1367E48800C53D72C495D386EEF2D4D6C400652F9D00E69F664F17418D26520,injectives.tex:2685
terminology,D,INJECTIVES-D-T022,deterministic_row_number,INJECTIVES-CH19-T087,,,B1367E48800C53D72C495D386EEF2D4D6C400652F9D00E69F664F17418D26520,injectives.tex:2687
terminology,D,INJECTIVES-D-T023,deterministic_row_number,INJECTIVES-CH19-T088,,,B1367E48800C53D72C495D386EEF2D4D6C400652F9D00E69F664F17418D26520,injectives.tex:2743
terminology,D,INJECTIVES-D-T024,deterministic_row_number,INJECTIVES-CH19-T089,,,B1367E48800C53D72C495D386EEF2D4D6C400652F9D00E69F664F17418D26520,injectives.tex:2749
terminology,D,INJECTIVES-D-T025,deterministic_row_number,INJECTIVES-CH19-T090,,,B1367E48800C53D72C495D386EEF2D4D6C400652F9D00E69F664F17418D26520,injectives.tex:2773
terminology,D,INJECTIVES-D-T026,deterministic_row_number,INJECTIVES-CH19-T091,,,B1367E48800C53D72C495D386EEF2D4D6C400652F9D00E69F664F17418D26520,injectives.tex:2780
terminology,D,INJECTIVES-D-T027,deterministic_row_number,INJECTIVES-CH19-T092,,,B1367E48800C53D72C495D386EEF2D4D6C400652F9D00E69F664F17418D26520,injectives.tex:2798
