canonical_defect_id,authority_sha256,source_file,source_locator,lease,classification,exact_source,proposed_correction,target_locator,disposition,rationale
SITES-COHOMOLOGY-014,5B335CE2C7208A128B3C744B8828D93508063F41A4FABBCE2E921F890928895C,sites-cohomology.tex,sites-cohomology.tex:112,A,prose_character_substitution,"it the {\it $i$th cohomology group ...}","is the {\it $i$th cohomology group ...}",sites-cohomology.part-a.fr.tex:112,corrected_in_translation,"Canon replay identifies the minimal source repair as byte [3979,3980) t→s; the French « est le » was already semantically exact and is unchanged."
SITES-COHOMOLOGY-015,5B335CE2C7208A128B3C744B8828D93508063F41A4FABBCE2E921F890928895C,sites-cohomology.tex,sites-cohomology.tex:115,A,wrong_module_category,"\textit{Mod}(\mathcal{C}) \to \text{Mod}_{\Gamma(\mathcal{C}, \mathcal{O})}","\textit{Mod}(\mathcal{O}) \to \text{Mod}_{\Gamma(\mathcal{C}, \mathcal{O})}",sites-cohomology.part-a.fr.tex:115,corrected_in_translation,"The source category is the category of sheaves of O-modules, hence Mod(O), as fixed throughout the surrounding passage."
SITES-COHOMOLOGY-016,5B335CE2C7208A128B3C744B8828D93508063F41A4FABBCE2E921F890928895C,sites-cohomology.tex,sites-cohomology.tex:684,A,wrong_ambient_category,"a morphism of $\mathcal{O}$","a morphism of $\mathcal{C}$",sites-cohomology.part-a.fr.tex:685,corrected_in_translation,"U and V are objects of the site C; their arrow is a morphism of C, not a morphism of the structure sheaf O."
SITES-COHOMOLOGY-017,5B335CE2C7208A128B3C744B8828D93508063F41A4FABBCE2E921F890928895C,sites-cohomology.tex,sites-cohomology.tex:990,A,wrong_fibre_product_base,"\times_u U_{i_{p + 1}}","\times_U U_{i_{p + 1}}",sites-cohomology.part-a.fr.tex:991,corrected_in_translation,"Every factor in the Cech fibre product is taken over U; lowercase u is undefined and inconsistent with the adjacent factors."
SITES-COHOMOLOGY-018,5B335CE2C7208A128B3C744B8828D93508063F41A4FABBCE2E921F890928895C,sites-cohomology.tex,sites-cohomology.tex:2087,A,reversed_surjection,"assume $K \to K'$ is a surjective map of sheaves","assume $K' \to K$ is a surjective map of sheaves",sites-cohomology.part-a.fr.tex:2067,corrected_in_translation,"The lemma's hypothesis and the singleton covering used next both have direction K' to K."
SITES-COHOMOLOGY-019,5B335CE2C7208A128B3C744B8828D93508063F41A4FABBCE2E921F890928895C,sites-cohomology.tex,"sites-cohomology.tex:2161;sites-cohomology.tex:2164",A,undefined_symbols,"g^{-1}\mathcal{I}","\mathcal{F}","sites-cohomology.part-a.fr.tex:2142;sites-cohomology.part-a.fr.tex:2145",corrected_in_translation,"The lemma is about F and defines neither g nor I; its conclusion also uses F. Three occurrences in the two cited formulae are corrected."
SITES-COHOMOLOGY-020,5B335CE2C7208A128B3C744B8828D93508063F41A4FABBCE2E921F890928895C,sites-cohomology.tex,sites-cohomology.tex:2189,A,prose_typo,"covering to $H^{p + q}(K, \mathcal{F})$","converging to $H^{p + q}(K, \mathcal{F})$",sites-cohomology.part-a.fr.tex:2170,corrected_in_translation,"A spectral sequence converges to its abutment; covering is an evident typographical substitution."
SITES-COHOMOLOGY-021,5B335CE2C7208A128B3C744B8828D93508063F41A4FABBCE2E921F890928895C,sites-cohomology.tex,sites-cohomology.tex:2315,A,undefined_topos_index,"\mathcal{O}_\mathcal{X}","\mathcal{O}_\mathcal{C}",sites-cohomology.part-a.fr.tex:2292,corrected_in_translation,"X is undefined; the injective module lives on the source topos indexed by C."
SITES-COHOMOLOGY-022,5B335CE2C7208A128B3C744B8828D93508063F41A4FABBCE2E921F890928895C,sites-cohomology.tex,sites-cohomology.tex:2361-2362,A,wrong_spectral_sequence_property,"conditions that force the Leray spectral sequence to converge","conditions that force the Leray spectral sequence to degenerate","sites-cohomology.part-a.fr.tex:2339-2340",corrected_in_translation,"Convergence was established by the preceding lemma; the stated vanishing conditions force degeneration."
SITES-COHOMOLOGY-023,5B335CE2C7208A128B3C744B8828D93508063F41A4FABBCE2E921F890928895C,sites-cohomology.tex,"sites-cohomology.tex:2420;sites-cohomology.tex:2423;sites-cohomology.tex:2424",A,prose_typos,"an representative; It preserved; as indicated we indicate","a representative; It preserves; as indicated we denote",sites-cohomology.part-a.fr.tex:2398-2402,corrected_in_translation,"Canon replay preserves finite verbs in all three repairs; the existing French « d'un représentant », « Il préserve », and « comme annoncé, nous notons » is already exact and is unchanged."
SITES-COHOMOLOGY-024,5B335CE2C7208A128B3C744B8828D93508063F41A4FABBCE2E921F890928895C,sites-cohomology.tex,sites-cohomology.tex:2625-2626,A,spurious_punctuation,"Lemma \ref{lemma-cech-vanish-collection}. are satisfied","Lemma \ref{lemma-cech-vanish-collection} are satisfied",sites-cohomology.part-a.fr.tex:2598-2600,corrected_in_translation,"The period separates the grammatical subject from its verb; French restores the continuous sentence."
SITES-COHOMOLOGY-025,5B335CE2C7208A128B3C744B8828D93508063F41A4FABBCE2E921F890928895C,sites-cohomology.tex,sites-cohomology.tex:2733,A,missing_parenthesis,"$S_n \subset \Ob(\Sh(\mathcal{C}/K^n)$","$S_n \subset \Ob(\Sh(\mathcal{C}/K^n))$",sites-cohomology.part-a.fr.tex:2702,corrected_in_translation,"The Ob(Sh(...)) expression is missing its closing parenthesis."
SITES-COHOMOLOGY-026,5B335CE2C7208A128B3C744B8828D93508063F41A4FABBCE2E921F890928895C,sites-cohomology.tex,sites-cohomology.tex:2749,A,prose_typo,"this is possibly by assumption (3)","this is possible by assumption (3)",sites-cohomology.part-a.fr.tex:2717,corrected_in_translation,"The intended adjective is possible, not the adverb possibly."
SITES-COHOMOLOGY-027,5B335CE2C7208A128B3C744B8828D93508063F41A4FABBCE2E921F890928895C,sites-cohomology.tex,sites-cohomology.tex:3145,A,wrong_tensor_base,"H^p(\mathcal{L}^\bullet \otimes_R \mathcal{K}^q)","H^p(\mathcal{L}^\bullet \otimes_\mathcal{O} \mathcal{K}^q)",sites-cohomology.part-a.fr.tex:3109,corrected_in_translation,"R is undefined here; both complexes are O-modules and all adjacent tensor products are over O."
SITES-COHOMOLOGY-029,5B335CE2C7208A128B3C744B8828D93508063F41A4FABBCE2E921F890928895C,sites-cohomology.tex,"sites-cohomology.tex:3549;sites-cohomology.tex:3579",B,wrong_boundedness,"bounded below complexes of flat modules","bounded above complexes of flat modules","sites-cohomology.part-b.fr.tex:57;sites-cohomology.part-b.fr.tex:87",corrected_in_translation,"The K_n complexes are explicitly bounded above at line 3530, and the kernels M_n of maps between the displayed bounded-above complexes are bounded above; the two later below occurrences reverse that property."
SITES-COHOMOLOGY-030,5B335CE2C7208A128B3C744B8828D93508063F41A4FABBCE2E921F890928895C,sites-cohomology.tex,sites-cohomology.tex:5534,B,prose_missing_preposition,"is the inverse limit the sections","is the inverse limit of the sections",sites-cohomology.part-b.fr.tex:2027,corrected_in_translation,"The inverse limit takes the sections as its complement; the preposition of is missing."
SITES-COHOMOLOGY-031,5B335CE2C7208A128B3C744B8828D93508063F41A4FABBCE2E921F890928895C,sites-cohomology.tex,sites-cohomology.tex:5555,B,prose_missing_infinitive_marker,"we can use ... produce a diagram","we can use ... to produce a diagram",sites-cohomology.part-b.fr.tex:2045-2048,corrected_in_translation,"The English construction requires to before produce; the French target is grammatical."
SITES-COHOMOLOGY-032,5B335CE2C7208A128B3C744B8828D93508063F41A4FABBCE2E921F890928895C,sites-cohomology.tex,sites-cohomology.tex:5587,B,sentence_fragment,"In the situation described above. Denote","In the situation described above, denote",sites-cohomology.part-b.fr.tex:2080,corrected_in_translation,"The period leaves a sentence fragment and disconnects the introductory phrase from its finite verb."
SITES-COHOMOLOGY-033,5B335CE2C7208A128B3C744B8828D93508063F41A4FABBCE2E921F890928895C,sites-cohomology.tex,sites-cohomology.tex:5597,B,wrong_formula_punctuation,"H^p(U. \mathcal{H}^{m - p})","H^p(U, \mathcal{H}^{m - p})",sites-cohomology.part-b.fr.tex:2090,corrected_in_translation,"The cohomology arguments require a comma; the period makes the formula malformed."
SITES-COHOMOLOGY-034,5B335CE2C7208A128B3C744B8828D93508063F41A4FABBCE2E921F890928895C,sites-cohomology.tex,sites-cohomology.tex:6011,B,prose_missing_verb,"Thus a canonical map","Thus we obtain a canonical map",sites-cohomology.part-b.fr.tex:2502,corrected_in_translation,"The English clause lacks a finite verb; the surrounding construction canonically produces the displayed map."
SITES-COHOMOLOGY-035,5B335CE2C7208A128B3C744B8828D93508063F41A4FABBCE2E921F890928895C,sites-cohomology.tex,sites-cohomology.tex:6626,B,missing_prime,"\epsilon^*\mathcal{F}_2","\epsilon^*\mathcal{F}'_2",sites-cohomology.part-b.fr.tex:3108,corrected_in_translation,"The exact sequence and every adjacent term are indexed F'_0 through F'_4; the unprimed F_2 is not the middle term under discussion."
SITES-COHOMOLOGY-036,5B335CE2C7208A128B3C744B8828D93508063F41A4FABBCE2E921F890928895C,sites-cohomology.tex,sites-cohomology.tex:6750,B,duplicate_article,"is a a tau-sheaf","is a tau-sheaf",sites-cohomology.part-b.fr.tex:3231,corrected_in_translation,"The repeated English article is typographical and is absent from the French sentence."
SITES-COHOMOLOGY-037,5B335CE2C7208A128B3C744B8828D93508063F41A4FABBCE2E921F890928895C,sites-cohomology.tex,sites-cohomology.tex:6781,B,prose_missing_infinitive_marker,"urge the reader skip the proof","urge the reader to skip the proof",sites-cohomology.part-b.fr.tex:3260-3261,corrected_in_translation,"The English verb urge requires to before the infinitive; French uses the corresponding grammatical construction."
