unit_id,item,unit_type,parent_id,source_start,source_end,source_loc,authority_sha256,source_topics,topic_evidence_labels,topic_evidence_tags,decision_id,disposition,review_state,stacks_labels,stacks_tags,rationale
gaga:introduction,gaga:introduction,section,gaga,english_source_aligned_workpass/components/00_title_and_introduction.tex:13,english_source_aligned_workpass/components/00_title_and_introduction.tex:13,english_source_aligned_workpass/components/00_title_and_introduction.tex:13,9898F985DD6932496E26450BFE0BECA8655A937032F545B97CEBD88D1BC8EB98,,,,,structural_only,classified,,,Source structure; no independent Stacks object.
gaga:section:1,gaga:section:1,section,gaga,english_source_aligned_workpass/components/01_analytic_spaces.tex:1,english_source_aligned_workpass/components/01_analytic_spaces.tex:1,english_source_aligned_workpass/components/01_analytic_spaces.tex:1,9898F985DD6932496E26450BFE0BECA8655A937032F545B97CEBD88D1BC8EB98,analytic-space,,,,structural_only,classified,,,Source structure; no independent Stacks object.
gaga:no:1,gaga:no:1,numbered_unit,gaga,english_source_aligned_workpass/components/01_analytic_spaces.tex:3,english_source_aligned_workpass/components/01_analytic_spaces.tex:3,english_source_aligned_workpass/components/01_analytic_spaces.tex:3,9898F985DD6932496E26450BFE0BECA8655A937032F545B97CEBD88D1BC8EB98,analytic-space,,,,needs_review,generated_intake,,,Requires statement-level mathematical comparison.
gaga:no:2,gaga:no:2,numbered_unit,gaga,english_source_aligned_workpass/components/01_analytic_spaces.tex:31,english_source_aligned_workpass/components/01_analytic_spaces.tex:31,english_source_aligned_workpass/components/01_analytic_spaces.tex:31,9898F985DD6932496E26450BFE0BECA8655A937032F545B97CEBD88D1BC8EB98,analytic-space,,,,needs_review,generated_intake,,,Requires statement-level mathematical comparison.
gaga:def:1,gaga:def:1,definition,gaga,english_source_aligned_workpass/components/01_analytic_spaces.tex:33,english_source_aligned_workpass/components/01_analytic_spaces.tex:33,english_source_aligned_workpass/components/01_analytic_spaces.tex:33,9898F985DD6932496E26450BFE0BECA8655A937032F545B97CEBD88D1BC8EB98,analytic-space,,,,needs_review,generated_intake,,,Requires statement-level mathematical comparison.
gaga:no:3,gaga:no:3,numbered_unit,gaga,english_source_aligned_workpass/components/01_analytic_spaces.tex:45,english_source_aligned_workpass/components/01_analytic_spaces.tex:45,english_source_aligned_workpass/components/01_analytic_spaces.tex:45,9898F985DD6932496E26450BFE0BECA8655A937032F545B97CEBD88D1BC8EB98,,,,,needs_review,generated_intake,,,Requires statement-level mathematical comparison.
gaga:prop:1,gaga:prop:1,proposition,gaga,english_source_aligned_workpass/components/01_analytic_spaces.tex:51,english_source_aligned_workpass/components/01_analytic_spaces.tex:51,english_source_aligned_workpass/components/01_analytic_spaces.tex:51,9898F985DD6932496E26450BFE0BECA8655A937032F545B97CEBD88D1BC8EB98,coherent,coherent-section-coherent-sheaves;modules-section-coherent,01BU;01XY,,needs_review,generated_intake,,,Requires statement-level mathematical comparison.
gaga:no:4,gaga:no:4,numbered_unit,gaga,english_source_aligned_workpass/components/01_analytic_spaces.tex:59,english_source_aligned_workpass/components/01_analytic_spaces.tex:59,english_source_aligned_workpass/components/01_analytic_spaces.tex:59,9898F985DD6932496E26450BFE0BECA8655A937032F545B97CEBD88D1BC8EB98,analytic-space,,,,needs_review,generated_intake,,,Requires statement-level mathematical comparison.
gaga:section:2,gaga:section:2,section,gaga,english_source_aligned_workpass/components/02_associated_analytic_space.tex:1,english_source_aligned_workpass/components/02_associated_analytic_space.tex:1,english_source_aligned_workpass/components/02_associated_analytic_space.tex:1,9898F985DD6932496E26450BFE0BECA8655A937032F545B97CEBD88D1BC8EB98,analytic-space,,,,structural_only,classified,,,Source structure; no independent Stacks object.
gaga:no:5,gaga:no:5,numbered_unit,gaga,english_source_aligned_workpass/components/02_associated_analytic_space.tex:5,english_source_aligned_workpass/components/02_associated_analytic_space.tex:5,english_source_aligned_workpass/components/02_associated_analytic_space.tex:5,9898F985DD6932496E26450BFE0BECA8655A937032F545B97CEBD88D1BC8EB98,analytic-space,,,,needs_review,generated_intake,,,Requires statement-level mathematical comparison.
gaga:lemma:1,gaga:lemma:1,lemma,gaga,english_source_aligned_workpass/components/02_associated_analytic_space.tex:9,english_source_aligned_workpass/components/02_associated_analytic_space.tex:9,english_source_aligned_workpass/components/02_associated_analytic_space.tex:9,9898F985DD6932496E26450BFE0BECA8655A937032F545B97CEBD88D1BC8EB98,,,,,needs_review,generated_intake,,,Requires statement-level mathematical comparison.
gaga:lemma:1:item:a,gaga:lemma:1:item:a,subitem,gaga:lemma:1,english_source_aligned_workpass/components/02_associated_analytic_space.tex:9,english_source_aligned_workpass/components/02_associated_analytic_space.tex:9,english_source_aligned_workpass/components/02_associated_analytic_space.tex:9,9898F985DD6932496E26450BFE0BECA8655A937032F545B97CEBD88D1BC8EB98,,,,,structural_only,inherits_parent,,,Embedded source component; inherit the parent disposition.
gaga:lemma:1:item:b,gaga:lemma:1:item:b,subitem,gaga:lemma:1,english_source_aligned_workpass/components/02_associated_analytic_space.tex:11,english_source_aligned_workpass/components/02_associated_analytic_space.tex:11,english_source_aligned_workpass/components/02_associated_analytic_space.tex:11,9898F985DD6932496E26450BFE0BECA8655A937032F545B97CEBD88D1BC8EB98,,,,,structural_only,inherits_parent,,,Embedded source component; inherit the parent disposition.
gaga:lemma:1:item:c,gaga:lemma:1:item:c,subitem,gaga:lemma:1,english_source_aligned_workpass/components/02_associated_analytic_space.tex:13,english_source_aligned_workpass/components/02_associated_analytic_space.tex:13,english_source_aligned_workpass/components/02_associated_analytic_space.tex:13,9898F985DD6932496E26450BFE0BECA8655A937032F545B97CEBD88D1BC8EB98,analytic-space,,,,structural_only,inherits_parent,,,Embedded source component; inherit the parent disposition.
gaga:lemma:1:item:d,gaga:lemma:1:item:d,subitem,gaga:lemma:1,english_source_aligned_workpass/components/02_associated_analytic_space.tex:15,english_source_aligned_workpass/components/02_associated_analytic_space.tex:15,english_source_aligned_workpass/components/02_associated_analytic_space.tex:15,9898F985DD6932496E26450BFE0BECA8655A937032F545B97CEBD88D1BC8EB98,,,,,structural_only,inherits_parent,,,Embedded source component; inherit the parent disposition.
gaga:prop:2,gaga:prop:2,proposition,gaga,english_source_aligned_workpass/components/02_associated_analytic_space.tex:27,english_source_aligned_workpass/components/02_associated_analytic_space.tex:27,english_source_aligned_workpass/components/02_associated_analytic_space.tex:27,9898F985DD6932496E26450BFE0BECA8655A937032F545B97CEBD88D1BC8EB98,analytic-space,,,,needs_review,generated_intake,,,Requires statement-level mathematical comparison.
gaga:no:6,gaga:no:6,numbered_unit,gaga,english_source_aligned_workpass/components/02_associated_analytic_space.tex:43,english_source_aligned_workpass/components/02_associated_analytic_space.tex:43,english_source_aligned_workpass/components/02_associated_analytic_space.tex:43,9898F985DD6932496E26450BFE0BECA8655A937032F545B97CEBD88D1BC8EB98,analytic-space,,,,needs_review,generated_intake,,,Requires statement-level mathematical comparison.
gaga:prop:3,gaga:prop:3,proposition,gaga,english_source_aligned_workpass/components/02_associated_analytic_space.tex:49,english_source_aligned_workpass/components/02_associated_analytic_space.tex:49,english_source_aligned_workpass/components/02_associated_analytic_space.tex:49,9898F985DD6932496E26450BFE0BECA8655A937032F545B97CEBD88D1BC8EB98,,,,,needs_review,generated_intake,,,Requires statement-level mathematical comparison.
gaga:prop:4,gaga:prop:4,proposition,gaga,english_source_aligned_workpass/components/02_associated_analytic_space.tex:55,english_source_aligned_workpass/components/02_associated_analytic_space.tex:55,english_source_aligned_workpass/components/02_associated_analytic_space.tex:55,9898F985DD6932496E26450BFE0BECA8655A937032F545B97CEBD88D1BC8EB98,,,,,needs_review,generated_intake,,,Requires statement-level mathematical comparison.
gaga:cor:1,gaga:cor:1,corollary,gaga,english_source_aligned_workpass/components/02_associated_analytic_space.tex:79,english_source_aligned_workpass/components/02_associated_analytic_space.tex:79,english_source_aligned_workpass/components/02_associated_analytic_space.tex:79,9898F985DD6932496E26450BFE0BECA8655A937032F545B97CEBD88D1BC8EB98,analytification;flatness,algebra-section-flat;etale-lemma-etale-analytification-local-isomorphism;pione-section-comparison-complex,00H9,,needs_review,generated_intake,,,Requires statement-level mathematical comparison.
gaga:cor:2,gaga:cor:2,corollary,gaga,english_source_aligned_workpass/components/02_associated_analytic_space.tex:83,english_source_aligned_workpass/components/02_associated_analytic_space.tex:83,english_source_aligned_workpass/components/02_associated_analytic_space.tex:83,9898F985DD6932496E26450BFE0BECA8655A937032F545B97CEBD88D1BC8EB98,,,,,needs_review,generated_intake,,,Requires statement-level mathematical comparison.
gaga:cor:3,gaga:cor:3,corollary,gaga,english_source_aligned_workpass/components/02_associated_analytic_space.tex:89,english_source_aligned_workpass/components/02_associated_analytic_space.tex:89,english_source_aligned_workpass/components/02_associated_analytic_space.tex:89,9898F985DD6932496E26450BFE0BECA8655A937032F545B97CEBD88D1BC8EB98,analytic-space;analytification,etale-lemma-etale-analytification-local-isomorphism;pione-section-comparison-complex,,,needs_review,generated_intake,,,Requires statement-level mathematical comparison.
gaga:no:7,gaga:no:7,numbered_unit,gaga,english_source_aligned_workpass/components/02_associated_analytic_space.tex:91,english_source_aligned_workpass/components/02_associated_analytic_space.tex:91,english_source_aligned_workpass/components/02_associated_analytic_space.tex:91,9898F985DD6932496E26450BFE0BECA8655A937032F545B97CEBD88D1BC8EB98,,,,,needs_review,generated_intake,,,Requires statement-level mathematical comparison.
gaga:prop:5,gaga:prop:5,proposition,gaga,english_source_aligned_workpass/components/02_associated_analytic_space.tex:93,english_source_aligned_workpass/components/02_associated_analytic_space.tex:93,english_source_aligned_workpass/components/02_associated_analytic_space.tex:93,9898F985DD6932496E26450BFE0BECA8655A937032F545B97CEBD88D1BC8EB98,,,,,needs_review,generated_intake,,,Requires statement-level mathematical comparison.
gaga:prop:6,gaga:prop:6,proposition,gaga,english_source_aligned_workpass/components/02_associated_analytic_space.tex:101,english_source_aligned_workpass/components/02_associated_analytic_space.tex:101,english_source_aligned_workpass/components/02_associated_analytic_space.tex:101,9898F985DD6932496E26450BFE0BECA8655A937032F545B97CEBD88D1BC8EB98,proper-projective,morphisms-section-projective;morphisms-section-proper,01W0;01W7,,needs_review,generated_intake,,,Requires statement-level mathematical comparison.
gaga:lemma:2,gaga:lemma:2,lemma,gaga,english_source_aligned_workpass/components/02_associated_analytic_space.tex:109,english_source_aligned_workpass/components/02_associated_analytic_space.tex:109,english_source_aligned_workpass/components/02_associated_analytic_space.tex:109,9898F985DD6932496E26450BFE0BECA8655A937032F545B97CEBD88D1BC8EB98,,,,,needs_review,generated_intake,,,Requires statement-level mathematical comparison.
gaga:prop:7,gaga:prop:7,proposition,gaga,english_source_aligned_workpass/components/02_associated_analytic_space.tex:113,english_source_aligned_workpass/components/02_associated_analytic_space.tex:113,english_source_aligned_workpass/components/02_associated_analytic_space.tex:113,9898F985DD6932496E26450BFE0BECA8655A937032F545B97CEBD88D1BC8EB98,,,,,needs_review,generated_intake,,,Requires statement-level mathematical comparison.
gaga:no:8,gaga:no:8,numbered_unit,gaga,english_source_aligned_workpass/components/02_associated_analytic_space.tex:117,english_source_aligned_workpass/components/02_associated_analytic_space.tex:117,english_source_aligned_workpass/components/02_associated_analytic_space.tex:117,9898F985DD6932496E26450BFE0BECA8655A937032F545B97CEBD88D1BC8EB98,,,,,needs_review,generated_intake,,,Requires statement-level mathematical comparison.
gaga:prop:8,gaga:prop:8,proposition,gaga,english_source_aligned_workpass/components/02_associated_analytic_space.tex:121,english_source_aligned_workpass/components/02_associated_analytic_space.tex:121,english_source_aligned_workpass/components/02_associated_analytic_space.tex:121,9898F985DD6932496E26450BFE0BECA8655A937032F545B97CEBD88D1BC8EB98,analytic-space,,,,needs_review,generated_intake,,,Requires statement-level mathematical comparison.
gaga:prop:9,gaga:prop:9,proposition,gaga,english_source_aligned_workpass/components/02_associated_analytic_space.tex:125,english_source_aligned_workpass/components/02_associated_analytic_space.tex:125,english_source_aligned_workpass/components/02_associated_analytic_space.tex:125,9898F985DD6932496E26450BFE0BECA8655A937032F545B97CEBD88D1BC8EB98,,,,,needs_review,generated_intake,,,Requires statement-level mathematical comparison.
gaga:lemma:3,gaga:lemma:3,lemma,gaga,english_source_aligned_workpass/components/02_associated_analytic_space.tex:149,english_source_aligned_workpass/components/02_associated_analytic_space.tex:149,english_source_aligned_workpass/components/02_associated_analytic_space.tex:149,9898F985DD6932496E26450BFE0BECA8655A937032F545B97CEBD88D1BC8EB98,,,,,needs_review,generated_intake,,,Requires statement-level mathematical comparison.
gaga:section:3,gaga:section:3,section,gaga,english_source_aligned_workpass/components/03_sheaf_correspondence_nos09_12.tex:1,english_source_aligned_workpass/components/03_sheaf_correspondence_nos09_12.tex:1,english_source_aligned_workpass/components/03_sheaf_correspondence_nos09_12.tex:1,9898F985DD6932496E26450BFE0BECA8655A937032F545B97CEBD88D1BC8EB98,coherent,coherent-section-coherent-sheaves;modules-section-coherent,01BU;01XY,,structural_only,classified,,,Source structure; no independent Stacks object.
gaga:no:9,gaga:no:9,numbered_unit,gaga,english_source_aligned_workpass/components/03_sheaf_correspondence_nos09_12.tex:3,english_source_aligned_workpass/components/03_sheaf_correspondence_nos09_12.tex:3,english_source_aligned_workpass/components/03_sheaf_correspondence_nos09_12.tex:3,9898F985DD6932496E26450BFE0BECA8655A937032F545B97CEBD88D1BC8EB98,comparison-sheaves,,,,needs_review,generated_intake,,,Requires statement-level mathematical comparison.
gaga:def:2,gaga:def:2,definition,gaga,english_source_aligned_workpass/components/03_sheaf_correspondence_nos09_12.tex:9,english_source_aligned_workpass/components/03_sheaf_correspondence_nos09_12.tex:9,english_source_aligned_workpass/components/03_sheaf_correspondence_nos09_12.tex:9,9898F985DD6932496E26450BFE0BECA8655A937032F545B97CEBD88D1BC8EB98,analytification;comparison-sheaves,etale-lemma-etale-analytification-local-isomorphism;pione-section-comparison-complex,,,needs_review,generated_intake,,,Requires statement-level mathematical comparison.
gaga:prop:10,gaga:prop:10,proposition,gaga,english_source_aligned_workpass/components/03_sheaf_correspondence_nos09_12.tex:35,english_source_aligned_workpass/components/03_sheaf_correspondence_nos09_12.tex:35,english_source_aligned_workpass/components/03_sheaf_correspondence_nos09_12.tex:35,9898F985DD6932496E26450BFE0BECA8655A937032F545B97CEBD88D1BC8EB98,flatness,algebra-section-flat,00H9,,needs_review,generated_intake,,,Requires statement-level mathematical comparison.
gaga:prop:10:item:a,gaga:prop:10:item:a,subitem,gaga:prop:10,english_source_aligned_workpass/components/03_sheaf_correspondence_nos09_12.tex:35,english_source_aligned_workpass/components/03_sheaf_correspondence_nos09_12.tex:35,english_source_aligned_workpass/components/03_sheaf_correspondence_nos09_12.tex:35,9898F985DD6932496E26450BFE0BECA8655A937032F545B97CEBD88D1BC8EB98,flatness,algebra-section-flat,00H9,,structural_only,inherits_parent,,,Embedded source component; inherit the parent disposition.
gaga:prop:10:item:b,gaga:prop:10:item:b,subitem,gaga:prop:10,english_source_aligned_workpass/components/03_sheaf_correspondence_nos09_12.tex:37,english_source_aligned_workpass/components/03_sheaf_correspondence_nos09_12.tex:37,english_source_aligned_workpass/components/03_sheaf_correspondence_nos09_12.tex:37,9898F985DD6932496E26450BFE0BECA8655A937032F545B97CEBD88D1BC8EB98,comparison-sheaves,,,,structural_only,inherits_parent,,,Embedded source component; inherit the parent disposition.
gaga:prop:10:item:c,gaga:prop:10:item:c,subitem,gaga:prop:10,english_source_aligned_workpass/components/03_sheaf_correspondence_nos09_12.tex:39,english_source_aligned_workpass/components/03_sheaf_correspondence_nos09_12.tex:39,english_source_aligned_workpass/components/03_sheaf_correspondence_nos09_12.tex:39,9898F985DD6932496E26450BFE0BECA8655A937032F545B97CEBD88D1BC8EB98,coherent;comparison-sheaves,coherent-section-coherent-sheaves;modules-section-coherent,01BU;01XY,,structural_only,inherits_parent,,,Embedded source component; inherit the parent disposition.
gaga:no:10,gaga:no:10,numbered_unit,gaga,english_source_aligned_workpass/components/03_sheaf_correspondence_nos09_12.tex:67,english_source_aligned_workpass/components/03_sheaf_correspondence_nos09_12.tex:67,english_source_aligned_workpass/components/03_sheaf_correspondence_nos09_12.tex:67,9898F985DD6932496E26450BFE0BECA8655A937032F545B97CEBD88D1BC8EB98,,,,,needs_review,generated_intake,,,Requires statement-level mathematical comparison.
gaga:prop:11,gaga:prop:11,proposition,gaga,english_source_aligned_workpass/components/03_sheaf_correspondence_nos09_12.tex:71,english_source_aligned_workpass/components/03_sheaf_correspondence_nos09_12.tex:71,english_source_aligned_workpass/components/03_sheaf_correspondence_nos09_12.tex:71,9898F985DD6932496E26450BFE0BECA8655A937032F545B97CEBD88D1BC8EB98,,,,,needs_review,generated_intake,,,Requires statement-level mathematical comparison.
gaga:no:11,gaga:no:11,numbered_unit,gaga,english_source_aligned_workpass/components/03_sheaf_correspondence_nos09_12.tex:100,english_source_aligned_workpass/components/03_sheaf_correspondence_nos09_12.tex:100,english_source_aligned_workpass/components/03_sheaf_correspondence_nos09_12.tex:100,9898F985DD6932496E26450BFE0BECA8655A937032F545B97CEBD88D1BC8EB98,comparison-cohomology,,,,needs_review,generated_intake,,,Requires statement-level mathematical comparison.
gaga:no:12,gaga:no:12,numbered_unit,gaga,english_source_aligned_workpass/components/03_sheaf_correspondence_nos09_12.tex:159,english_source_aligned_workpass/components/03_sheaf_correspondence_nos09_12.tex:159,english_source_aligned_workpass/components/03_sheaf_correspondence_nos09_12.tex:159,9898F985DD6932496E26450BFE0BECA8655A937032F545B97CEBD88D1BC8EB98,proper-projective,morphisms-section-projective;morphisms-section-proper,01W0;01W7,,needs_review,generated_intake,,,Requires statement-level mathematical comparison.
gaga:thm:1,gaga:thm:1,theorem,gaga,english_source_aligned_workpass/components/03_sheaf_correspondence_nos09_12.tex:163,english_source_aligned_workpass/components/03_sheaf_correspondence_nos09_12.tex:163,english_source_aligned_workpass/components/03_sheaf_correspondence_nos09_12.tex:163,9898F985DD6932496E26450BFE0BECA8655A937032F545B97CEBD88D1BC8EB98,comparison-cohomology;comparison-sheaves,,,,needs_review,generated_intake,,,Requires statement-level mathematical comparison.
gaga:thm:2,gaga:thm:2,theorem,gaga,english_source_aligned_workpass/components/03_sheaf_correspondence_nos09_12.tex:175,english_source_aligned_workpass/components/03_sheaf_correspondence_nos09_12.tex:175,english_source_aligned_workpass/components/03_sheaf_correspondence_nos09_12.tex:175,9898F985DD6932496E26450BFE0BECA8655A937032F545B97CEBD88D1BC8EB98,comparison-sheaves,,,,needs_review,generated_intake,,,Requires statement-level mathematical comparison.
gaga:thm:3,gaga:thm:3,theorem,gaga,english_source_aligned_workpass/components/03_sheaf_correspondence_nos09_12.tex:177,english_source_aligned_workpass/components/03_sheaf_correspondence_nos09_12.tex:177,english_source_aligned_workpass/components/03_sheaf_correspondence_nos09_12.tex:177,9898F985DD6932496E26450BFE0BECA8655A937032F545B97CEBD88D1BC8EB98,analytification;coherent;comparison-sheaves,coherent-section-coherent-sheaves;etale-lemma-etale-analytification-local-isomorphism;modules-section-coherent;pione-section-comparison-complex,01BU;01XY,,needs_review,generated_intake,,,Requires statement-level mathematical comparison.
gaga:no:13,gaga:no:13,numbered_unit,gaga,english_source_aligned_workpass/components/04_proofs_theorems1_3_nos13_17.tex:1,english_source_aligned_workpass/components/04_proofs_theorems1_3_nos13_17.tex:1,english_source_aligned_workpass/components/04_proofs_theorems1_3_nos13_17.tex:1,9898F985DD6932496E26450BFE0BECA8655A937032F545B97CEBD88D1BC8EB98,comparison-cohomology,,,,needs_review,generated_intake,,,Requires statement-level mathematical comparison.
gaga:lemma:4,gaga:lemma:4,lemma,gaga,english_source_aligned_workpass/components/04_proofs_theorems1_3_nos13_17.tex:24,english_source_aligned_workpass/components/04_proofs_theorems1_3_nos13_17.tex:24,english_source_aligned_workpass/components/04_proofs_theorems1_3_nos13_17.tex:24,9898F985DD6932496E26450BFE0BECA8655A937032F545B97CEBD88D1BC8EB98,,,,,needs_review,generated_intake,,,Requires statement-level mathematical comparison.
gaga:lemma:5,gaga:lemma:5,lemma,gaga,english_source_aligned_workpass/components/04_proofs_theorems1_3_nos13_17.tex:28,english_source_aligned_workpass/components/04_proofs_theorems1_3_nos13_17.tex:28,english_source_aligned_workpass/components/04_proofs_theorems1_3_nos13_17.tex:28,9898F985DD6932496E26450BFE0BECA8655A937032F545B97CEBD88D1BC8EB98,,,,,needs_review,generated_intake,,,Requires statement-level mathematical comparison.
gaga:no:14,gaga:no:14,numbered_unit,gaga,english_source_aligned_workpass/components/04_proofs_theorems1_3_nos13_17.tex:105,english_source_aligned_workpass/components/04_proofs_theorems1_3_nos13_17.tex:105,english_source_aligned_workpass/components/04_proofs_theorems1_3_nos13_17.tex:105,9898F985DD6932496E26450BFE0BECA8655A937032F545B97CEBD88D1BC8EB98,comparison-sheaves,,,,needs_review,generated_intake,,,Requires statement-level mathematical comparison.
gaga:lemma:6,gaga:lemma:6,lemma,gaga,english_source_aligned_workpass/components/04_proofs_theorems1_3_nos13_17.tex:119,english_source_aligned_workpass/components/04_proofs_theorems1_3_nos13_17.tex:119,english_source_aligned_workpass/components/04_proofs_theorems1_3_nos13_17.tex:119,9898F985DD6932496E26450BFE0BECA8655A937032F545B97CEBD88D1BC8EB98,,,,,needs_review,generated_intake,,,Requires statement-level mathematical comparison.
gaga:no:15,gaga:no:15,numbered_unit,gaga,english_source_aligned_workpass/components/04_proofs_theorems1_3_nos13_17.tex:166,english_source_aligned_workpass/components/04_proofs_theorems1_3_nos13_17.tex:166,english_source_aligned_workpass/components/04_proofs_theorems1_3_nos13_17.tex:166,9898F985DD6932496E26450BFE0BECA8655A937032F545B97CEBD88D1BC8EB98,comparison-sheaves,,,,needs_review,generated_intake,,,Requires statement-level mathematical comparison.
gaga:no:16,gaga:no:16,numbered_unit,gaga,english_source_aligned_workpass/components/04_proofs_theorems1_3_nos13_17.tex:188,english_source_aligned_workpass/components/04_proofs_theorems1_3_nos13_17.tex:188,english_source_aligned_workpass/components/04_proofs_theorems1_3_nos13_17.tex:188,9898F985DD6932496E26450BFE0BECA8655A937032F545B97CEBD88D1BC8EB98,comparison-sheaves,,,,needs_review,generated_intake,,,Requires statement-level mathematical comparison.
gaga:lemma:7,gaga:lemma:7,lemma,gaga,english_source_aligned_workpass/components/04_proofs_theorems1_3_nos13_17.tex:202,english_source_aligned_workpass/components/04_proofs_theorems1_3_nos13_17.tex:202,english_source_aligned_workpass/components/04_proofs_theorems1_3_nos13_17.tex:202,9898F985DD6932496E26450BFE0BECA8655A937032F545B97CEBD88D1BC8EB98,coherent;comparison-cohomology;comparison-sheaves,coherent-section-coherent-sheaves;modules-section-coherent,01BU;01XY,,needs_review,generated_intake,,,Requires statement-level mathematical comparison.
gaga:lemma:8,gaga:lemma:8,lemma,gaga,english_source_aligned_workpass/components/04_proofs_theorems1_3_nos13_17.tex:208,english_source_aligned_workpass/components/04_proofs_theorems1_3_nos13_17.tex:208,english_source_aligned_workpass/components/04_proofs_theorems1_3_nos13_17.tex:208,9898F985DD6932496E26450BFE0BECA8655A937032F545B97CEBD88D1BC8EB98,coherent;comparison-sheaves,coherent-section-coherent-sheaves;modules-section-coherent,01BU;01XY,,needs_review,generated_intake,,,Requires statement-level mathematical comparison.
gaga:eq:1,gaga:eq:1,equation,gaga,english_source_aligned_workpass/components/04_proofs_theorems1_3_nos13_17.tex:240,english_source_aligned_workpass/components/04_proofs_theorems1_3_nos13_17.tex:240,english_source_aligned_workpass/components/04_proofs_theorems1_3_nos13_17.tex:240,9898F985DD6932496E26450BFE0BECA8655A937032F545B97CEBD88D1BC8EB98,,,,,structural_only,inherits_parent,,,Embedded source component; inherit the parent disposition.
gaga:eq:2,gaga:eq:2,equation,gaga,english_source_aligned_workpass/components/04_proofs_theorems1_3_nos13_17.tex:248,english_source_aligned_workpass/components/04_proofs_theorems1_3_nos13_17.tex:248,english_source_aligned_workpass/components/04_proofs_theorems1_3_nos13_17.tex:248,9898F985DD6932496E26450BFE0BECA8655A937032F545B97CEBD88D1BC8EB98,,,,,structural_only,inherits_parent,,,Embedded source component; inherit the parent disposition.
gaga:eq:3,gaga:eq:3,equation,gaga,english_source_aligned_workpass/components/04_proofs_theorems1_3_nos13_17.tex:256,english_source_aligned_workpass/components/04_proofs_theorems1_3_nos13_17.tex:256,english_source_aligned_workpass/components/04_proofs_theorems1_3_nos13_17.tex:256,9898F985DD6932496E26450BFE0BECA8655A937032F545B97CEBD88D1BC8EB98,,,,,structural_only,inherits_parent,,,Embedded source component; inherit the parent disposition.
gaga:eq:4,gaga:eq:4,equation,gaga,english_source_aligned_workpass/components/04_proofs_theorems1_3_nos13_17.tex:262,english_source_aligned_workpass/components/04_proofs_theorems1_3_nos13_17.tex:262,english_source_aligned_workpass/components/04_proofs_theorems1_3_nos13_17.tex:262,9898F985DD6932496E26450BFE0BECA8655A937032F545B97CEBD88D1BC8EB98,,,,,structural_only,inherits_parent,,,Embedded source component; inherit the parent disposition.
gaga:eq:5,gaga:eq:5,equation,gaga,english_source_aligned_workpass/components/04_proofs_theorems1_3_nos13_17.tex:270,english_source_aligned_workpass/components/04_proofs_theorems1_3_nos13_17.tex:270,english_source_aligned_workpass/components/04_proofs_theorems1_3_nos13_17.tex:270,9898F985DD6932496E26450BFE0BECA8655A937032F545B97CEBD88D1BC8EB98,,,,,structural_only,inherits_parent,,,Embedded source component; inherit the parent disposition.
gaga:eq:6,gaga:eq:6,equation,gaga,english_source_aligned_workpass/components/04_proofs_theorems1_3_nos13_17.tex:279,english_source_aligned_workpass/components/04_proofs_theorems1_3_nos13_17.tex:279,english_source_aligned_workpass/components/04_proofs_theorems1_3_nos13_17.tex:279,9898F985DD6932496E26450BFE0BECA8655A937032F545B97CEBD88D1BC8EB98,,,,,structural_only,inherits_parent,,,Embedded source component; inherit the parent disposition.
gaga:eq:7,gaga:eq:7,equation,gaga,english_source_aligned_workpass/components/04_proofs_theorems1_3_nos13_17.tex:296,english_source_aligned_workpass/components/04_proofs_theorems1_3_nos13_17.tex:296,english_source_aligned_workpass/components/04_proofs_theorems1_3_nos13_17.tex:296,9898F985DD6932496E26450BFE0BECA8655A937032F545B97CEBD88D1BC8EB98,,,,,structural_only,inherits_parent,,,Embedded source component; inherit the parent disposition.
gaga:eq:8,gaga:eq:8,equation,gaga,english_source_aligned_workpass/components/04_proofs_theorems1_3_nos13_17.tex:307,english_source_aligned_workpass/components/04_proofs_theorems1_3_nos13_17.tex:307,english_source_aligned_workpass/components/04_proofs_theorems1_3_nos13_17.tex:307,9898F985DD6932496E26450BFE0BECA8655A937032F545B97CEBD88D1BC8EB98,,,,,structural_only,inherits_parent,,,Embedded source component; inherit the parent disposition.
gaga:eq:9,gaga:eq:9,equation,gaga,english_source_aligned_workpass/components/04_proofs_theorems1_3_nos13_17.tex:327,english_source_aligned_workpass/components/04_proofs_theorems1_3_nos13_17.tex:327,english_source_aligned_workpass/components/04_proofs_theorems1_3_nos13_17.tex:327,9898F985DD6932496E26450BFE0BECA8655A937032F545B97CEBD88D1BC8EB98,,,,,structural_only,inherits_parent,,,Embedded source component; inherit the parent disposition.
gaga:no:17,gaga:no:17,numbered_unit,gaga,english_source_aligned_workpass/components/04_proofs_theorems1_3_nos13_17.tex:363,english_source_aligned_workpass/components/04_proofs_theorems1_3_nos13_17.tex:363,english_source_aligned_workpass/components/04_proofs_theorems1_3_nos13_17.tex:363,9898F985DD6932496E26450BFE0BECA8655A937032F545B97CEBD88D1BC8EB98,comparison-sheaves;formal,algebraization-section-formal-functions;coherent-section-coherent-formal;coherent-section-existence-proper,0886;0A0H;0EHN,,needs_review,generated_intake,,,Requires statement-level mathematical comparison.
gaga:section:4,gaga:section:4,section,gaga,english_source_aligned_workpass/components/05_applications_nos18_20.tex:1,english_source_aligned_workpass/components/05_applications_nos18_20.tex:1,english_source_aligned_workpass/components/05_applications_nos18_20.tex:1,9898F985DD6932496E26450BFE0BECA8655A937032F545B97CEBD88D1BC8EB98,,,,,structural_only,classified,,,Source structure; no independent Stacks object.
gaga:no:18,gaga:no:18,numbered_unit,gaga,english_source_aligned_workpass/components/05_applications_nos18_20.tex:3,english_source_aligned_workpass/components/05_applications_nos18_20.tex:3,english_source_aligned_workpass/components/05_applications_nos18_20.tex:3,9898F985DD6932496E26450BFE0BECA8655A937032F545B97CEBD88D1BC8EB98,,,,,needs_review,generated_intake,,,Requires statement-level mathematical comparison.
gaga:prop:12,gaga:prop:12,proposition,gaga,english_source_aligned_workpass/components/05_applications_nos18_20.tex:16,english_source_aligned_workpass/components/05_applications_nos18_20.tex:16,english_source_aligned_workpass/components/05_applications_nos18_20.tex:16,9898F985DD6932496E26450BFE0BECA8655A937032F545B97CEBD88D1BC8EB98,,,,,needs_review,generated_intake,,,Requires statement-level mathematical comparison.
gaga:prop:12:cor,gaga:prop:12:cor,proposition,gaga:prop:12,english_source_aligned_workpass/components/05_applications_nos18_20.tex:68,english_source_aligned_workpass/components/05_applications_nos18_20.tex:68,english_source_aligned_workpass/components/05_applications_nos18_20.tex:68,9898F985DD6932496E26450BFE0BECA8655A937032F545B97CEBD88D1BC8EB98,,,,,needs_review,generated_intake,,,Requires statement-level mathematical comparison.
gaga:remark:18,gaga:remark:18,remark,gaga,english_source_aligned_workpass/components/05_applications_nos18_20.tex:76,english_source_aligned_workpass/components/05_applications_nos18_20.tex:76,english_source_aligned_workpass/components/05_applications_nos18_20.tex:76,9898F985DD6932496E26450BFE0BECA8655A937032F545B97CEBD88D1BC8EB98,,,,,needs_review,generated_intake,,,Requires statement-level mathematical comparison.
gaga:no:19,gaga:no:19,numbered_unit,gaga,english_source_aligned_workpass/components/05_applications_nos18_20.tex:81,english_source_aligned_workpass/components/05_applications_nos18_20.tex:81,english_source_aligned_workpass/components/05_applications_nos18_20.tex:81,9898F985DD6932496E26450BFE0BECA8655A937032F545B97CEBD88D1BC8EB98,,,,,needs_review,generated_intake,,,Requires statement-level mathematical comparison.
gaga:prop:13,gaga:prop:13,proposition,gaga,english_source_aligned_workpass/components/05_applications_nos18_20.tex:85,english_source_aligned_workpass/components/05_applications_nos18_20.tex:85,english_source_aligned_workpass/components/05_applications_nos18_20.tex:85,9898F985DD6932496E26450BFE0BECA8655A937032F545B97CEBD88D1BC8EB98,,,,,needs_review,generated_intake,,,Requires statement-level mathematical comparison.
gaga:prop:14,gaga:prop:14,proposition,gaga,english_source_aligned_workpass/components/05_applications_nos18_20.tex:104,english_source_aligned_workpass/components/05_applications_nos18_20.tex:104,english_source_aligned_workpass/components/05_applications_nos18_20.tex:104,9898F985DD6932496E26450BFE0BECA8655A937032F545B97CEBD88D1BC8EB98,,,,,needs_review,generated_intake,,,Requires statement-level mathematical comparison.
gaga:prop:15,gaga:prop:15,proposition,gaga,english_source_aligned_workpass/components/05_applications_nos18_20.tex:118,english_source_aligned_workpass/components/05_applications_nos18_20.tex:118,english_source_aligned_workpass/components/05_applications_nos18_20.tex:118,9898F985DD6932496E26450BFE0BECA8655A937032F545B97CEBD88D1BC8EB98,analytic-space,,,,needs_review,generated_intake,,,Requires statement-level mathematical comparison.
gaga:prop:15:cor,gaga:prop:15:cor,proposition,gaga:prop:15,english_source_aligned_workpass/components/05_applications_nos18_20.tex:127,english_source_aligned_workpass/components/05_applications_nos18_20.tex:127,english_source_aligned_workpass/components/05_applications_nos18_20.tex:127,9898F985DD6932496E26450BFE0BECA8655A937032F545B97CEBD88D1BC8EB98,proper-projective,morphisms-section-projective;morphisms-section-proper,01W0;01W7,,needs_review,generated_intake,,,Requires statement-level mathematical comparison.
gaga:no:20,gaga:no:20,numbered_unit,gaga,english_source_aligned_workpass/components/05_applications_nos18_20.tex:130,english_source_aligned_workpass/components/05_applications_nos18_20.tex:130,english_source_aligned_workpass/components/05_applications_nos18_20.tex:130,9898F985DD6932496E26450BFE0BECA8655A937032F545B97CEBD88D1BC8EB98,,,,,needs_review,generated_intake,,,Requires statement-level mathematical comparison.
gaga:prop:16,gaga:prop:16,proposition,gaga,english_source_aligned_workpass/components/05_applications_nos18_20.tex:158,english_source_aligned_workpass/components/05_applications_nos18_20.tex:158,english_source_aligned_workpass/components/05_applications_nos18_20.tex:158,9898F985DD6932496E26450BFE0BECA8655A937032F545B97CEBD88D1BC8EB98,,,,,needs_review,generated_intake,,,Requires statement-level mathematical comparison.
gaga:prop:17,gaga:prop:17,proposition,gaga,english_source_aligned_workpass/components/05_applications_nos18_20.tex:198,english_source_aligned_workpass/components/05_applications_nos18_20.tex:198,english_source_aligned_workpass/components/05_applications_nos18_20.tex:198,9898F985DD6932496E26450BFE0BECA8655A937032F545B97CEBD88D1BC8EB98,,,,,needs_review,generated_intake,,,Requires statement-level mathematical comparison.
gaga:prop:18,gaga:prop:18,proposition,gaga,english_source_aligned_workpass/components/05_applications_nos18_20.tex:205,english_source_aligned_workpass/components/05_applications_nos18_20.tex:205,english_source_aligned_workpass/components/05_applications_nos18_20.tex:205,9898F985DD6932496E26450BFE0BECA8655A937032F545B97CEBD88D1BC8EB98,,,,,needs_review,generated_intake,,,Requires statement-level mathematical comparison.
gaga:prop:18:remarks,gaga:prop:18:remarks,proposition,gaga:prop:18,english_source_aligned_workpass/components/05_applications_nos18_20.tex:235,english_source_aligned_workpass/components/05_applications_nos18_20.tex:235,english_source_aligned_workpass/components/05_applications_nos18_20.tex:235,9898F985DD6932496E26450BFE0BECA8655A937032F545B97CEBD88D1BC8EB98,,,,,needs_review,generated_intake,,,Requires statement-level mathematical comparison.
gaga:prop:19,gaga:prop:19,proposition,gaga,english_source_aligned_workpass/components/05_applications_nos18_20.tex:262,english_source_aligned_workpass/components/05_applications_nos18_20.tex:262,english_source_aligned_workpass/components/05_applications_nos18_20.tex:262,9898F985DD6932496E26450BFE0BECA8655A937032F545B97CEBD88D1BC8EB98,,,,,needs_review,generated_intake,,,Requires statement-level mathematical comparison.
gaga:prop:20,gaga:prop:20,proposition,gaga,english_source_aligned_workpass/components/05_applications_nos18_20.tex:316,english_source_aligned_workpass/components/05_applications_nos18_20.tex:316,english_source_aligned_workpass/components/05_applications_nos18_20.tex:316,9898F985DD6932496E26450BFE0BECA8655A937032F545B97CEBD88D1BC8EB98,,,,,needs_review,generated_intake,,,Requires statement-level mathematical comparison.
gaga:condition:R,gaga:condition:R,semantic_anchor,gaga,english_source_aligned_workpass/components/05_applications_nos18_20.tex:320,english_source_aligned_workpass/components/05_applications_nos18_20.tex:320,english_source_aligned_workpass/components/05_applications_nos18_20.tex:320,9898F985DD6932496E26450BFE0BECA8655A937032F545B97CEBD88D1BC8EB98,,,,,needs_review,generated_intake,,,Requires statement-level mathematical comparison.
gaga:appendix,gaga:appendix,section,gaga,english_source_aligned_workpass/components/06_appendix_nos21_24_bibliography.tex:1,english_source_aligned_workpass/components/06_appendix_nos21_24_bibliography.tex:1,english_source_aligned_workpass/components/06_appendix_nos21_24_bibliography.tex:1,9898F985DD6932496E26450BFE0BECA8655A937032F545B97CEBD88D1BC8EB98,,,,,structural_only,classified,,,Source structure; no independent Stacks object.
gaga:no:21,gaga:no:21,numbered_unit,gaga,english_source_aligned_workpass/components/06_appendix_nos21_24_bibliography.tex:7,english_source_aligned_workpass/components/06_appendix_nos21_24_bibliography.tex:7,english_source_aligned_workpass/components/06_appendix_nos21_24_bibliography.tex:7,9898F985DD6932496E26450BFE0BECA8655A937032F545B97CEBD88D1BC8EB98,,,,,needs_review,generated_intake,,,Requires statement-level mathematical comparison.
gaga:def:3,gaga:def:3,definition,gaga,english_source_aligned_workpass/components/06_appendix_nos21_24_bibliography.tex:9,english_source_aligned_workpass/components/06_appendix_nos21_24_bibliography.tex:9,english_source_aligned_workpass/components/06_appendix_nos21_24_bibliography.tex:9,9898F985DD6932496E26450BFE0BECA8655A937032F545B97CEBD88D1BC8EB98,,,,,needs_review,generated_intake,,,Requires statement-level mathematical comparison.
gaga:prop:21,gaga:prop:21,proposition,gaga,english_source_aligned_workpass/components/06_appendix_nos21_24_bibliography.tex:60,english_source_aligned_workpass/components/06_appendix_nos21_24_bibliography.tex:60,english_source_aligned_workpass/components/06_appendix_nos21_24_bibliography.tex:60,9898F985DD6932496E26450BFE0BECA8655A937032F545B97CEBD88D1BC8EB98,,,,,needs_review,generated_intake,,,Requires statement-level mathematical comparison.
gaga:no:22,gaga:no:22,numbered_unit,gaga,english_source_aligned_workpass/components/06_appendix_nos21_24_bibliography.tex:101,english_source_aligned_workpass/components/06_appendix_nos21_24_bibliography.tex:101,english_source_aligned_workpass/components/06_appendix_nos21_24_bibliography.tex:101,9898F985DD6932496E26450BFE0BECA8655A937032F545B97CEBD88D1BC8EB98,flatness,algebra-section-flat,00H9,,needs_review,generated_intake,,,Requires statement-level mathematical comparison.
gaga:def:4,gaga:def:4,definition,gaga,english_source_aligned_workpass/components/06_appendix_nos21_24_bibliography.tex:103,english_source_aligned_workpass/components/06_appendix_nos21_24_bibliography.tex:103,english_source_aligned_workpass/components/06_appendix_nos21_24_bibliography.tex:103,9898F985DD6932496E26450BFE0BECA8655A937032F545B97CEBD88D1BC8EB98,,,,,needs_review,generated_intake,,,Requires statement-level mathematical comparison.
gaga:prop:22,gaga:prop:22,proposition,gaga,english_source_aligned_workpass/components/06_appendix_nos21_24_bibliography.tex:109,english_source_aligned_workpass/components/06_appendix_nos21_24_bibliography.tex:109,english_source_aligned_workpass/components/06_appendix_nos21_24_bibliography.tex:109,9898F985DD6932496E26450BFE0BECA8655A937032F545B97CEBD88D1BC8EB98,,,,,needs_review,generated_intake,,,Requires statement-level mathematical comparison.
gaga:prop:22:item:a,gaga:prop:22:item:a,subitem,gaga:prop:22,english_source_aligned_workpass/components/06_appendix_nos21_24_bibliography.tex:113,english_source_aligned_workpass/components/06_appendix_nos21_24_bibliography.tex:113,english_source_aligned_workpass/components/06_appendix_nos21_24_bibliography.tex:113,9898F985DD6932496E26450BFE0BECA8655A937032F545B97CEBD88D1BC8EB98,,,,,structural_only,inherits_parent,,,Embedded source component; inherit the parent disposition.
gaga:prop:22:item:aa,gaga:prop:22:item:aa,subitem,gaga:prop:22,english_source_aligned_workpass/components/06_appendix_nos21_24_bibliography.tex:117,english_source_aligned_workpass/components/06_appendix_nos21_24_bibliography.tex:117,english_source_aligned_workpass/components/06_appendix_nos21_24_bibliography.tex:117,9898F985DD6932496E26450BFE0BECA8655A937032F545B97CEBD88D1BC8EB98,,,,,structural_only,inherits_parent,,,Embedded source component; inherit the parent disposition.
gaga:prop:23,gaga:prop:23,proposition,gaga,english_source_aligned_workpass/components/06_appendix_nos21_24_bibliography.tex:149,english_source_aligned_workpass/components/06_appendix_nos21_24_bibliography.tex:149,english_source_aligned_workpass/components/06_appendix_nos21_24_bibliography.tex:149,9898F985DD6932496E26450BFE0BECA8655A937032F545B97CEBD88D1BC8EB98,,,,,needs_review,generated_intake,,,Requires statement-level mathematical comparison.
gaga:prop:23:remark,gaga:prop:23:remark,proposition,gaga:prop:23,english_source_aligned_workpass/components/06_appendix_nos21_24_bibliography.tex:187,english_source_aligned_workpass/components/06_appendix_nos21_24_bibliography.tex:187,english_source_aligned_workpass/components/06_appendix_nos21_24_bibliography.tex:187,9898F985DD6932496E26450BFE0BECA8655A937032F545B97CEBD88D1BC8EB98,,,,,needs_review,generated_intake,,,Requires statement-level mathematical comparison.
gaga:no:23,gaga:no:23,numbered_unit,gaga,english_source_aligned_workpass/components/06_appendix_nos21_24_bibliography.tex:191,english_source_aligned_workpass/components/06_appendix_nos21_24_bibliography.tex:191,english_source_aligned_workpass/components/06_appendix_nos21_24_bibliography.tex:191,9898F985DD6932496E26450BFE0BECA8655A937032F545B97CEBD88D1BC8EB98,,,,,needs_review,generated_intake,,,Requires statement-level mathematical comparison.
gaga:prop:24,gaga:prop:24,proposition,gaga,english_source_aligned_workpass/components/06_appendix_nos21_24_bibliography.tex:198,english_source_aligned_workpass/components/06_appendix_nos21_24_bibliography.tex:198,english_source_aligned_workpass/components/06_appendix_nos21_24_bibliography.tex:198,9898F985DD6932496E26450BFE0BECA8655A937032F545B97CEBD88D1BC8EB98,,,,,needs_review,generated_intake,,,Requires statement-level mathematical comparison.
gaga:prop:24:cor,gaga:prop:24:cor,proposition,gaga:prop:24,english_source_aligned_workpass/components/06_appendix_nos21_24_bibliography.tex:215,english_source_aligned_workpass/components/06_appendix_nos21_24_bibliography.tex:215,english_source_aligned_workpass/components/06_appendix_nos21_24_bibliography.tex:215,9898F985DD6932496E26450BFE0BECA8655A937032F545B97CEBD88D1BC8EB98,,,,,needs_review,generated_intake,,,Requires statement-level mathematical comparison.
gaga:prop:25,gaga:prop:25,proposition,gaga,english_source_aligned_workpass/components/06_appendix_nos21_24_bibliography.tex:225,english_source_aligned_workpass/components/06_appendix_nos21_24_bibliography.tex:225,english_source_aligned_workpass/components/06_appendix_nos21_24_bibliography.tex:225,9898F985DD6932496E26450BFE0BECA8655A937032F545B97CEBD88D1BC8EB98,,,,,needs_review,generated_intake,,,Requires statement-level mathematical comparison.
gaga:prop:25:item:a,gaga:prop:25:item:a,subitem,gaga:prop:25,english_source_aligned_workpass/components/06_appendix_nos21_24_bibliography.tex:228,english_source_aligned_workpass/components/06_appendix_nos21_24_bibliography.tex:228,english_source_aligned_workpass/components/06_appendix_nos21_24_bibliography.tex:228,9898F985DD6932496E26450BFE0BECA8655A937032F545B97CEBD88D1BC8EB98,,,,,structural_only,inherits_parent,,,Embedded source component; inherit the parent disposition.
gaga:prop:25:item:b,gaga:prop:25:item:b,subitem,gaga:prop:25,english_source_aligned_workpass/components/06_appendix_nos21_24_bibliography.tex:232,english_source_aligned_workpass/components/06_appendix_nos21_24_bibliography.tex:232,english_source_aligned_workpass/components/06_appendix_nos21_24_bibliography.tex:232,9898F985DD6932496E26450BFE0BECA8655A937032F545B97CEBD88D1BC8EB98,,,,,structural_only,inherits_parent,,,Embedded source component; inherit the parent disposition.
gaga:prop:26,gaga:prop:26,proposition,gaga,english_source_aligned_workpass/components/06_appendix_nos21_24_bibliography.tex:267,english_source_aligned_workpass/components/06_appendix_nos21_24_bibliography.tex:267,english_source_aligned_workpass/components/06_appendix_nos21_24_bibliography.tex:267,9898F985DD6932496E26450BFE0BECA8655A937032F545B97CEBD88D1BC8EB98,,,,,needs_review,generated_intake,,,Requires statement-level mathematical comparison.
gaga:no:24,gaga:no:24,numbered_unit,gaga,english_source_aligned_workpass/components/06_appendix_nos21_24_bibliography.tex:306,english_source_aligned_workpass/components/06_appendix_nos21_24_bibliography.tex:306,english_source_aligned_workpass/components/06_appendix_nos21_24_bibliography.tex:306,9898F985DD6932496E26450BFE0BECA8655A937032F545B97CEBD88D1BC8EB98,flatness;proper-projective,algebra-section-flat;morphisms-section-projective;morphisms-section-proper,00H9;01W0;01W7,,needs_review,generated_intake,,,Requires statement-level mathematical comparison.
gaga:prop:27,gaga:prop:27,proposition,gaga,english_source_aligned_workpass/components/06_appendix_nos21_24_bibliography.tex:310,english_source_aligned_workpass/components/06_appendix_nos21_24_bibliography.tex:310,english_source_aligned_workpass/components/06_appendix_nos21_24_bibliography.tex:310,9898F985DD6932496E26450BFE0BECA8655A937032F545B97CEBD88D1BC8EB98,,,,,needs_review,generated_intake,,,Requires statement-level mathematical comparison.
gaga:prop:28,gaga:prop:28,proposition,gaga,english_source_aligned_workpass/components/06_appendix_nos21_24_bibliography.tex:333,english_source_aligned_workpass/components/06_appendix_nos21_24_bibliography.tex:333,english_source_aligned_workpass/components/06_appendix_nos21_24_bibliography.tex:333,9898F985DD6932496E26450BFE0BECA8655A937032F545B97CEBD88D1BC8EB98,,,,,needs_review,generated_intake,,,Requires statement-level mathematical comparison.
gaga:prop:29,gaga:prop:29,proposition,gaga,english_source_aligned_workpass/components/06_appendix_nos21_24_bibliography.tex:341,english_source_aligned_workpass/components/06_appendix_nos21_24_bibliography.tex:341,english_source_aligned_workpass/components/06_appendix_nos21_24_bibliography.tex:341,9898F985DD6932496E26450BFE0BECA8655A937032F545B97CEBD88D1BC8EB98,,,,,needs_review,generated_intake,,,Requires statement-level mathematical comparison.
gaga:prop:30,gaga:prop:30,proposition,gaga,english_source_aligned_workpass/components/06_appendix_nos21_24_bibliography.tex:353,english_source_aligned_workpass/components/06_appendix_nos21_24_bibliography.tex:353,english_source_aligned_workpass/components/06_appendix_nos21_24_bibliography.tex:353,9898F985DD6932496E26450BFE0BECA8655A937032F545B97CEBD88D1BC8EB98,,,,,needs_review,generated_intake,,,Requires statement-level mathematical comparison.
gaga:bibliography,gaga:bibliography,section,gaga,english_source_aligned_workpass/components/06_appendix_nos21_24_bibliography.tex:410,english_source_aligned_workpass/components/06_appendix_nos21_24_bibliography.tex:410,english_source_aligned_workpass/components/06_appendix_nos21_24_bibliography.tex:410,9898F985DD6932496E26450BFE0BECA8655A937032F545B97CEBD88D1BC8EB98,,,,,structural_only,classified,,,Source structure; no independent Stacks object.
gaga:bib:1,gaga:bib:1,bibliography_entry,gaga,english_source_aligned_workpass/components/06_appendix_nos21_24_bibliography.tex:413,english_source_aligned_workpass/components/06_appendix_nos21_24_bibliography.tex:413,english_source_aligned_workpass/components/06_appendix_nos21_24_bibliography.tex:413,9898F985DD6932496E26450BFE0BECA8655A937032F545B97CEBD88D1BC8EB98,,,,,historical_reference,needs_link_review,,,Historical or bibliographic unit requiring source linkage.
gaga:bib:2,gaga:bib:2,bibliography_entry,gaga,english_source_aligned_workpass/components/06_appendix_nos21_24_bibliography.tex:417,english_source_aligned_workpass/components/06_appendix_nos21_24_bibliography.tex:417,english_source_aligned_workpass/components/06_appendix_nos21_24_bibliography.tex:417,9898F985DD6932496E26450BFE0BECA8655A937032F545B97CEBD88D1BC8EB98,,,,,historical_reference,needs_link_review,,,Historical or bibliographic unit requiring source linkage.
gaga:bib:3,gaga:bib:3,bibliography_entry,gaga,english_source_aligned_workpass/components/06_appendix_nos21_24_bibliography.tex:419,english_source_aligned_workpass/components/06_appendix_nos21_24_bibliography.tex:419,english_source_aligned_workpass/components/06_appendix_nos21_24_bibliography.tex:419,9898F985DD6932496E26450BFE0BECA8655A937032F545B97CEBD88D1BC8EB98,,,,,historical_reference,needs_link_review,,,Historical or bibliographic unit requiring source linkage.
gaga:bib:4,gaga:bib:4,bibliography_entry,gaga,english_source_aligned_workpass/components/06_appendix_nos21_24_bibliography.tex:421,english_source_aligned_workpass/components/06_appendix_nos21_24_bibliography.tex:421,english_source_aligned_workpass/components/06_appendix_nos21_24_bibliography.tex:421,9898F985DD6932496E26450BFE0BECA8655A937032F545B97CEBD88D1BC8EB98,,,,,historical_reference,needs_link_review,,,Historical or bibliographic unit requiring source linkage.
gaga:bib:5,gaga:bib:5,bibliography_entry,gaga,english_source_aligned_workpass/components/06_appendix_nos21_24_bibliography.tex:424,english_source_aligned_workpass/components/06_appendix_nos21_24_bibliography.tex:424,english_source_aligned_workpass/components/06_appendix_nos21_24_bibliography.tex:424,9898F985DD6932496E26450BFE0BECA8655A937032F545B97CEBD88D1BC8EB98,,,,,historical_reference,needs_link_review,,,Historical or bibliographic unit requiring source linkage.
gaga:bib:6,gaga:bib:6,bibliography_entry,gaga,english_source_aligned_workpass/components/06_appendix_nos21_24_bibliography.tex:428,english_source_aligned_workpass/components/06_appendix_nos21_24_bibliography.tex:428,english_source_aligned_workpass/components/06_appendix_nos21_24_bibliography.tex:428,9898F985DD6932496E26450BFE0BECA8655A937032F545B97CEBD88D1BC8EB98,proper-projective,morphisms-section-projective;morphisms-section-proper,01W0;01W7,,historical_reference,needs_link_review,,,Historical or bibliographic unit requiring source linkage.
gaga:bib:7,gaga:bib:7,bibliography_entry,gaga,english_source_aligned_workpass/components/06_appendix_nos21_24_bibliography.tex:431,english_source_aligned_workpass/components/06_appendix_nos21_24_bibliography.tex:431,english_source_aligned_workpass/components/06_appendix_nos21_24_bibliography.tex:431,9898F985DD6932496E26450BFE0BECA8655A937032F545B97CEBD88D1BC8EB98,proper-projective,morphisms-section-projective;morphisms-section-proper,01W0;01W7,,historical_reference,needs_link_review,,,Historical or bibliographic unit requiring source linkage.
gaga:bib:8,gaga:bib:8,bibliography_entry,gaga,english_source_aligned_workpass/components/06_appendix_nos21_24_bibliography.tex:434,english_source_aligned_workpass/components/06_appendix_nos21_24_bibliography.tex:434,english_source_aligned_workpass/components/06_appendix_nos21_24_bibliography.tex:434,9898F985DD6932496E26450BFE0BECA8655A937032F545B97CEBD88D1BC8EB98,,,,,historical_reference,needs_link_review,,,Historical or bibliographic unit requiring source linkage.
gaga:bib:9,gaga:bib:9,bibliography_entry,gaga,english_source_aligned_workpass/components/06_appendix_nos21_24_bibliography.tex:437,english_source_aligned_workpass/components/06_appendix_nos21_24_bibliography.tex:437,english_source_aligned_workpass/components/06_appendix_nos21_24_bibliography.tex:437,9898F985DD6932496E26450BFE0BECA8655A937032F545B97CEBD88D1BC8EB98,,,,,historical_reference,needs_link_review,,,Historical or bibliographic unit requiring source linkage.
gaga:bib:10,gaga:bib:10,bibliography_entry,gaga,english_source_aligned_workpass/components/06_appendix_nos21_24_bibliography.tex:440,english_source_aligned_workpass/components/06_appendix_nos21_24_bibliography.tex:440,english_source_aligned_workpass/components/06_appendix_nos21_24_bibliography.tex:440,9898F985DD6932496E26450BFE0BECA8655A937032F545B97CEBD88D1BC8EB98,,,,,historical_reference,needs_link_review,,,Historical or bibliographic unit requiring source linkage.
gaga:bib:11,gaga:bib:11,bibliography_entry,gaga,english_source_aligned_workpass/components/06_appendix_nos21_24_bibliography.tex:443,english_source_aligned_workpass/components/06_appendix_nos21_24_bibliography.tex:443,english_source_aligned_workpass/components/06_appendix_nos21_24_bibliography.tex:443,9898F985DD6932496E26450BFE0BECA8655A937032F545B97CEBD88D1BC8EB98,,,,,historical_reference,needs_link_review,,,Historical or bibliographic unit requiring source linkage.
gaga:bib:12,gaga:bib:12,bibliography_entry,gaga,english_source_aligned_workpass/components/06_appendix_nos21_24_bibliography.tex:447,english_source_aligned_workpass/components/06_appendix_nos21_24_bibliography.tex:447,english_source_aligned_workpass/components/06_appendix_nos21_24_bibliography.tex:447,9898F985DD6932496E26450BFE0BECA8655A937032F545B97CEBD88D1BC8EB98,,,,,historical_reference,needs_link_review,,,Historical or bibliographic unit requiring source linkage.
gaga:bib:13,gaga:bib:13,bibliography_entry,gaga,english_source_aligned_workpass/components/06_appendix_nos21_24_bibliography.tex:451,english_source_aligned_workpass/components/06_appendix_nos21_24_bibliography.tex:451,english_source_aligned_workpass/components/06_appendix_nos21_24_bibliography.tex:451,9898F985DD6932496E26450BFE0BECA8655A937032F545B97CEBD88D1BC8EB98,,,,,historical_reference,needs_link_review,,,Historical or bibliographic unit requiring source linkage.
gaga:bib:14,gaga:bib:14,bibliography_entry,gaga,english_source_aligned_workpass/components/06_appendix_nos21_24_bibliography.tex:454,english_source_aligned_workpass/components/06_appendix_nos21_24_bibliography.tex:454,english_source_aligned_workpass/components/06_appendix_nos21_24_bibliography.tex:454,9898F985DD6932496E26450BFE0BECA8655A937032F545B97CEBD88D1BC8EB98,,,,,historical_reference,needs_link_review,,,Historical or bibliographic unit requiring source linkage.
gaga:bib:15,gaga:bib:15,bibliography_entry,gaga,english_source_aligned_workpass/components/06_appendix_nos21_24_bibliography.tex:457,english_source_aligned_workpass/components/06_appendix_nos21_24_bibliography.tex:457,english_source_aligned_workpass/components/06_appendix_nos21_24_bibliography.tex:457,9898F985DD6932496E26450BFE0BECA8655A937032F545B97CEBD88D1BC8EB98,,,,,historical_reference,needs_link_review,,,Historical or bibliographic unit requiring source linkage.
gaga:bib:16,gaga:bib:16,bibliography_entry,gaga,english_source_aligned_workpass/components/06_appendix_nos21_24_bibliography.tex:460,english_source_aligned_workpass/components/06_appendix_nos21_24_bibliography.tex:460,english_source_aligned_workpass/components/06_appendix_nos21_24_bibliography.tex:460,9898F985DD6932496E26450BFE0BECA8655A937032F545B97CEBD88D1BC8EB98,,,,,historical_reference,needs_link_review,,,Historical or bibliographic unit requiring source linkage.
gaga:bib:17,gaga:bib:17,bibliography_entry,gaga,english_source_aligned_workpass/components/06_appendix_nos21_24_bibliography.tex:463,english_source_aligned_workpass/components/06_appendix_nos21_24_bibliography.tex:463,english_source_aligned_workpass/components/06_appendix_nos21_24_bibliography.tex:463,9898F985DD6932496E26450BFE0BECA8655A937032F545B97CEBD88D1BC8EB98,,,,,historical_reference,needs_link_review,,,Historical or bibliographic unit requiring source linkage.
gaga:bib:18,gaga:bib:18,bibliography_entry,gaga,english_source_aligned_workpass/components/06_appendix_nos21_24_bibliography.tex:466,english_source_aligned_workpass/components/06_appendix_nos21_24_bibliography.tex:466,english_source_aligned_workpass/components/06_appendix_nos21_24_bibliography.tex:466,9898F985DD6932496E26450BFE0BECA8655A937032F545B97CEBD88D1BC8EB98,,,,,historical_reference,needs_link_review,,,Historical or bibliographic unit requiring source linkage.
gaga:bib:19,gaga:bib:19,bibliography_entry,gaga,english_source_aligned_workpass/components/06_appendix_nos21_24_bibliography.tex:469,english_source_aligned_workpass/components/06_appendix_nos21_24_bibliography.tex:469,english_source_aligned_workpass/components/06_appendix_nos21_24_bibliography.tex:469,9898F985DD6932496E26450BFE0BECA8655A937032F545B97CEBD88D1BC8EB98,,,,,historical_reference,needs_link_review,,,Historical or bibliographic unit requiring source linkage.
gaga:bib:20,gaga:bib:20,bibliography_entry,gaga,english_source_aligned_workpass/components/06_appendix_nos21_24_bibliography.tex:472,english_source_aligned_workpass/components/06_appendix_nos21_24_bibliography.tex:472,english_source_aligned_workpass/components/06_appendix_nos21_24_bibliography.tex:472,9898F985DD6932496E26450BFE0BECA8655A937032F545B97CEBD88D1BC8EB98,,,,,historical_reference,needs_link_review,,,Historical or bibliographic unit requiring source linkage.
