id,work,item,unit_type,parent_id,title_en,summary_en,source_start,source_end,authority_sha256,source_file,source_line,topics
gaga:introduction,GAGA,gaga:introduction,section,gaga,Introduction,Introduction,english_source_aligned_workpass/components/00_title_and_introduction.tex:13,english_source_aligned_workpass/components/00_title_and_introduction.tex:13,9898F985DD6932496E26450BFE0BECA8655A937032F545B97CEBD88D1BC8EB98,english_source_aligned_workpass/components/00_title_and_introduction.tex,13,
gaga:section:1,GAGA,gaga:section:1,section,gaga,1. Analytic spaces,1. Analytic spaces,english_source_aligned_workpass/components/01_analytic_spaces.tex:1,english_source_aligned_workpass/components/01_analytic_spaces.tex:1,9898F985DD6932496E26450BFE0BECA8655A937032F545B97CEBD88D1BC8EB98,english_source_aligned_workpass/components/01_analytic_spaces.tex,1,analytic-space
gaga:no:1,GAGA,gaga:no:1,numbered_unit,gaga,1. Analytic subsets of affine space,1. Analytic subsets of affine space,english_source_aligned_workpass/components/01_analytic_spaces.tex:3,english_source_aligned_workpass/components/01_analytic_spaces.tex:3,9898F985DD6932496E26450BFE0BECA8655A937032F545B97CEBD88D1BC8EB98,english_source_aligned_workpass/components/01_analytic_spaces.tex,3,analytic-space
gaga:no:2,GAGA,gaga:no:2,numbered_unit,gaga,2. The notion of analytic space,2. The notion of analytic space,english_source_aligned_workpass/components/01_analytic_spaces.tex:31,english_source_aligned_workpass/components/01_analytic_spaces.tex:31,9898F985DD6932496E26450BFE0BECA8655A937032F545B97CEBD88D1BC8EB98,english_source_aligned_workpass/components/01_analytic_spaces.tex,31,analytic-space
gaga:def:1,GAGA,gaga:def:1,definition,gaga,"Definition 1. --- An analytic space is a set X endowed with a topology and with a subsheaf H X of the sheaf C(X) , subject to the following axioms:","Definition 1. --- An analytic space is a set X endowed with a topology and with a subsheaf H X of the sheaf C(X) , subject to the following axioms:",english_source_aligned_workpass/components/01_analytic_spaces.tex:33,english_source_aligned_workpass/components/01_analytic_spaces.tex:33,9898F985DD6932496E26450BFE0BECA8655A937032F545B97CEBD88D1BC8EB98,english_source_aligned_workpass/components/01_analytic_spaces.tex,33,analytic-space
gaga:no:3,GAGA,gaga:no:3,numbered_unit,gaga,3. Analytic sheaves,3. Analytic sheaves,english_source_aligned_workpass/components/01_analytic_spaces.tex:45,english_source_aligned_workpass/components/01_analytic_spaces.tex:45,9898F985DD6932496E26450BFE0BECA8655A937032F545B97CEBD88D1BC8EB98,english_source_aligned_workpass/components/01_analytic_spaces.tex,45,
gaga:prop:1,GAGA,gaga:prop:1,proposition,gaga,"Proposition 1. --- a) The sheaf H X is a coherent sheaf of rings (18, no. 15).","Proposition 1. --- a) The sheaf H X is a coherent sheaf of rings (18, no. 15).",english_source_aligned_workpass/components/01_analytic_spaces.tex:51,english_source_aligned_workpass/components/01_analytic_spaces.tex:51,9898F985DD6932496E26450BFE0BECA8655A937032F545B97CEBD88D1BC8EB98,english_source_aligned_workpass/components/01_analytic_spaces.tex,51,coherent
gaga:no:4,GAGA,gaga:no:4,numbered_unit,gaga,4. A neighbourhood of a point in an analytic space,4. A neighbourhood of a point in an analytic space,english_source_aligned_workpass/components/01_analytic_spaces.tex:59,english_source_aligned_workpass/components/01_analytic_spaces.tex:59,9898F985DD6932496E26450BFE0BECA8655A937032F545B97CEBD88D1BC8EB98,english_source_aligned_workpass/components/01_analytic_spaces.tex,59,analytic-space
gaga:section:2,GAGA,gaga:section:2,section,gaga,2. The analytic space associated with an algebraic variety,2. The analytic space associated with an algebraic variety,english_source_aligned_workpass/components/02_associated_analytic_space.tex:1,english_source_aligned_workpass/components/02_associated_analytic_space.tex:1,9898F985DD6932496E26450BFE0BECA8655A937032F545B97CEBD88D1BC8EB98,english_source_aligned_workpass/components/02_associated_analytic_space.tex,1,analytic-space
gaga:no:5,GAGA,gaga:no:5,numbered_unit,gaga,5. Definition of the analytic space associated with an algebraic variety,5. Definition of the analytic space associated with an algebraic variety,english_source_aligned_workpass/components/02_associated_analytic_space.tex:5,english_source_aligned_workpass/components/02_associated_analytic_space.tex:5,9898F985DD6932496E26450BFE0BECA8655A937032F545B97CEBD88D1BC8EB98,english_source_aligned_workpass/components/02_associated_analytic_space.tex,5,analytic-space
gaga:lemma:1,GAGA,gaga:lemma:1,lemma,gaga,Lemma 1. --- gaga:lemma:1:item:aa) The Zariski topology on C n is coarser than the usual topology.,Lemma 1. --- gaga:lemma:1:item:aa) The Zariski topology on C n is coarser than the usual topology.,english_source_aligned_workpass/components/02_associated_analytic_space.tex:9,english_source_aligned_workpass/components/02_associated_analytic_space.tex:9,9898F985DD6932496E26450BFE0BECA8655A937032F545B97CEBD88D1BC8EB98,english_source_aligned_workpass/components/02_associated_analytic_space.tex,9,
gaga:lemma:1:item:a,GAGA,gaga:lemma:1:item:a,subitem,gaga:lemma:1,a) The Zariski topology on C n is coarser than the usual topology.,a) The Zariski topology on C n is coarser than the usual topology.,english_source_aligned_workpass/components/02_associated_analytic_space.tex:9,english_source_aligned_workpass/components/02_associated_analytic_space.tex:9,9898F985DD6932496E26450BFE0BECA8655A937032F545B97CEBD88D1BC8EB98,english_source_aligned_workpass/components/02_associated_analytic_space.tex,9,
gaga:lemma:1:item:b,GAGA,gaga:lemma:1:item:b,subitem,gaga:lemma:1,b) Every Z-locally closed subset of C n is analytic.,b) Every Z-locally closed subset of C n is analytic.,english_source_aligned_workpass/components/02_associated_analytic_space.tex:11,english_source_aligned_workpass/components/02_associated_analytic_space.tex:11,9898F985DD6932496E26450BFE0BECA8655A937032F545B97CEBD88D1BC8EB98,english_source_aligned_workpass/components/02_associated_analytic_space.tex,11,
gaga:lemma:1:item:c,GAGA,gaga:lemma:1:item:c,subitem,gaga:lemma:1,"c) If U and U' are Z-locally closed subsets of C n and C n' , respectively, and if f:UU' is a regular map, then f is holomorphic.","c) If U and U' are Z-locally closed subsets of C n and C n' , respectively, and if f:UU' is a regular map, then f is holomorphic.",english_source_aligned_workpass/components/02_associated_analytic_space.tex:13,english_source_aligned_workpass/components/02_associated_analytic_space.tex:13,9898F985DD6932496E26450BFE0BECA8655A937032F545B97CEBD88D1BC8EB98,english_source_aligned_workpass/components/02_associated_analytic_space.tex,13,analytic-space
gaga:lemma:1:item:d,GAGA,gaga:lemma:1:item:d,subitem,gaga:lemma:1,"d) Under the hypotheses of c), if f is moreover a biregular isomorphism, then it is also an analytic isomorphism.","d) Under the hypotheses of c), if f is moreover a biregular isomorphism, then it is also an analytic isomorphism.",english_source_aligned_workpass/components/02_associated_analytic_space.tex:15,english_source_aligned_workpass/components/02_associated_analytic_space.tex:15,9898F985DD6932496E26450BFE0BECA8655A937032F545B97CEBD88D1BC8EB98,english_source_aligned_workpass/components/02_associated_analytic_space.tex,15,
gaga:prop:2,GAGA,gaga:prop:2,proposition,gaga,"Proposition 2. --- There exists a unique structure of analytic space on X such that, for every chart :VU , the Z-open subset V is open and is an analyti","Proposition 2. --- There exists a unique structure of analytic space on X such that, for every chart :VU , the Z-open subset V is open and is an analyti",english_source_aligned_workpass/components/02_associated_analytic_space.tex:27,english_source_aligned_workpass/components/02_associated_analytic_space.tex:27,9898F985DD6932496E26450BFE0BECA8655A937032F545B97CEBD88D1BC8EB98,english_source_aligned_workpass/components/02_associated_analytic_space.tex,27,analytic-space
gaga:no:6,GAGA,gaga:no:6,numbered_unit,gaga,6. Relations between the local ring at a point and the ring of holomorphic functions at that point,6. Relations between the local ring at a point and the ring of holomorphic functions at that point,english_source_aligned_workpass/components/02_associated_analytic_space.tex:43,english_source_aligned_workpass/components/02_associated_analytic_space.tex:43,9898F985DD6932496E26450BFE0BECA8655A937032F545B97CEBD88D1BC8EB98,english_source_aligned_workpass/components/02_associated_analytic_space.tex,43,analytic-space
gaga:prop:3,GAGA,gaga:prop:3,proposition,gaga,Proposition 3. --- The homomorphism :O xH x is bijective.,Proposition 3. --- The homomorphism :O xH x is bijective.,english_source_aligned_workpass/components/02_associated_analytic_space.tex:49,english_source_aligned_workpass/components/02_associated_analytic_space.tex:49,9898F985DD6932496E26450BFE0BECA8655A937032F545B97CEBD88D1BC8EB98,english_source_aligned_workpass/components/02_associated_analytic_space.tex,49,
gaga:prop:4,GAGA,gaga:prop:4,proposition,gaga,Proposition 4. --- The ideal A x(Y) is generated by (J x(Y)) .,Proposition 4. --- The ideal A x(Y) is generated by (J x(Y)) .,english_source_aligned_workpass/components/02_associated_analytic_space.tex:55,english_source_aligned_workpass/components/02_associated_analytic_space.tex:55,9898F985DD6932496E26450BFE0BECA8655A937032F545B97CEBD88D1BC8EB98,english_source_aligned_workpass/components/02_associated_analytic_space.tex,55,
gaga:cor:1,GAGA,gaga:cor:1,corollary,gaga,"Corollary 1. --- The pair of rings (O x,H x) is a flat pair (in the sense of gaga:appendixAppendix, gaga:def:4Definition 4).","Corollary 1. --- The pair of rings (O x,H x) is a flat pair (in the sense of gaga:appendixAppendix, gaga:def:4Definition 4).",english_source_aligned_workpass/components/02_associated_analytic_space.tex:79,english_source_aligned_workpass/components/02_associated_analytic_space.tex:79,9898F985DD6932496E26450BFE0BECA8655A937032F545B97CEBD88D1BC8EB98,english_source_aligned_workpass/components/02_associated_analytic_space.tex,79,analytification;flatness
gaga:cor:2,GAGA,gaga:cor:2,corollary,gaga,Corollary 2. --- The rings O x and H x have the same dimension.,Corollary 2. --- The rings O x and H x have the same dimension.,english_source_aligned_workpass/components/02_associated_analytic_space.tex:83,english_source_aligned_workpass/components/02_associated_analytic_space.tex:83,9898F985DD6932496E26450BFE0BECA8655A937032F545B97CEBD88D1BC8EB98,english_source_aligned_workpass/components/02_associated_analytic_space.tex,83,
gaga:cor:3,GAGA,gaga:cor:3,corollary,gaga,"Corollary 3. --- If X is an irreducible algebraic variety of dimension r , the analytic space X h has analytic dimension r at each of its points.","Corollary 3. --- If X is an irreducible algebraic variety of dimension r , the analytic space X h has analytic dimension r at each of its points.",english_source_aligned_workpass/components/02_associated_analytic_space.tex:89,english_source_aligned_workpass/components/02_associated_analytic_space.tex:89,9898F985DD6932496E26450BFE0BECA8655A937032F545B97CEBD88D1BC8EB98,english_source_aligned_workpass/components/02_associated_analytic_space.tex,89,analytic-space;analytification
gaga:no:7,GAGA,gaga:no:7,numbered_unit,gaga,7. Relations between the usual topology and the Zariski topology of an algebraic variety,7. Relations between the usual topology and the Zariski topology of an algebraic variety,english_source_aligned_workpass/components/02_associated_analytic_space.tex:91,english_source_aligned_workpass/components/02_associated_analytic_space.tex:91,9898F985DD6932496E26450BFE0BECA8655A937032F545B97CEBD88D1BC8EB98,english_source_aligned_workpass/components/02_associated_analytic_space.tex,91,
gaga:prop:5,GAGA,gaga:prop:5,proposition,gaga,"Proposition 5. --- Let X be an algebraic variety and U a subset of X . If U is Z-open and Z-dense in X , then U is dense in X .","Proposition 5. --- Let X be an algebraic variety and U a subset of X . If U is Z-open and Z-dense in X , then U is dense in X .",english_source_aligned_workpass/components/02_associated_analytic_space.tex:93,english_source_aligned_workpass/components/02_associated_analytic_space.tex:93,9898F985DD6932496E26450BFE0BECA8655A937032F545B97CEBD88D1BC8EB98,english_source_aligned_workpass/components/02_associated_analytic_space.tex,93,
gaga:prop:6,GAGA,gaga:prop:6,proposition,gaga,Proposition 6. --- An algebraic variety X is complete if and only if it is compact.,Proposition 6. --- An algebraic variety X is complete if and only if it is compact.,english_source_aligned_workpass/components/02_associated_analytic_space.tex:101,english_source_aligned_workpass/components/02_associated_analytic_space.tex:101,9898F985DD6932496E26450BFE0BECA8655A937032F545B97CEBD88D1BC8EB98,english_source_aligned_workpass/components/02_associated_analytic_space.tex,101,proper-projective
gaga:lemma:2,GAGA,gaga:lemma:2,lemma,gaga,"Lemma 2. --- Let f:X Y be a regular map from an algebraic variety X to an algebraic variety Y , and suppose that f(X) is Z-dense in Y . Then there exist","Lemma 2. --- Let f:X Y be a regular map from an algebraic variety X to an algebraic variety Y , and suppose that f(X) is Z-dense in Y . Then there exist",english_source_aligned_workpass/components/02_associated_analytic_space.tex:109,english_source_aligned_workpass/components/02_associated_analytic_space.tex:109,9898F985DD6932496E26450BFE0BECA8655A937032F545B97CEBD88D1BC8EB98,english_source_aligned_workpass/components/02_associated_analytic_space.tex,109,
gaga:prop:7,GAGA,gaga:prop:7,proposition,gaga,"Proposition 7. --- If f:X Y is a regular map from an algebraic variety X to an algebraic variety Y , the closure and the Z-closure of f(X) in Y coincid","Proposition 7. --- If f:X Y is a regular map from an algebraic variety X to an algebraic variety Y , the closure and the Z-closure of f(X) in Y coincid",english_source_aligned_workpass/components/02_associated_analytic_space.tex:113,english_source_aligned_workpass/components/02_associated_analytic_space.tex:113,9898F985DD6932496E26450BFE0BECA8655A937032F545B97CEBD88D1BC8EB98,english_source_aligned_workpass/components/02_associated_analytic_space.tex,113,
gaga:no:8,GAGA,gaga:no:8,numbered_unit,gaga,8. An analytic criterion for regularity,8. An analytic criterion for regularity,english_source_aligned_workpass/components/02_associated_analytic_space.tex:117,english_source_aligned_workpass/components/02_associated_analytic_space.tex:117,9898F985DD6932496E26450BFE0BECA8655A937032F545B97CEBD88D1BC8EB98,english_source_aligned_workpass/components/02_associated_analytic_space.tex,117,
gaga:prop:8,GAGA,gaga:prop:8,proposition,gaga,"Proposition 8. --- Let X and Y be two algebraic varieties, and let f:X Y be a holomorphic map from X to Y . If the graph T of f is a Z-locally clos","Proposition 8. --- Let X and Y be two algebraic varieties, and let f:X Y be a holomorphic map from X to Y . If the graph T of f is a Z-locally clos",english_source_aligned_workpass/components/02_associated_analytic_space.tex:121,english_source_aligned_workpass/components/02_associated_analytic_space.tex:121,9898F985DD6932496E26450BFE0BECA8655A937032F545B97CEBD88D1BC8EB98,english_source_aligned_workpass/components/02_associated_analytic_space.tex,121,analytic-space
gaga:prop:9,GAGA,gaga:prop:9,proposition,gaga,"Proposition 9. --- Let T and X be two algebraic varieties, and let p:T X be a bijective regular map. If p is an analytic isomorphism from T onto X ,","Proposition 9. --- Let T and X be two algebraic varieties, and let p:T X be a bijective regular map. If p is an analytic isomorphism from T onto X ,",english_source_aligned_workpass/components/02_associated_analytic_space.tex:125,english_source_aligned_workpass/components/02_associated_analytic_space.tex:125,9898F985DD6932496E26450BFE0BECA8655A937032F545B97CEBD88D1BC8EB98,english_source_aligned_workpass/components/02_associated_analytic_space.tex,125,
gaga:lemma:3,GAGA,gaga:lemma:3,lemma,gaga,Lemma 3. --- Let A be a commutative ring in which the zero ideal is the intersection of finitely many distinct minimal prime ideals p i . Let K i be the fi,Lemma 3. --- Let A be a commutative ring in which the zero ideal is the intersection of finitely many distinct minimal prime ideals p i . Let K i be the fi,english_source_aligned_workpass/components/02_associated_analytic_space.tex:149,english_source_aligned_workpass/components/02_associated_analytic_space.tex:149,9898F985DD6932496E26450BFE0BECA8655A937032F545B97CEBD88D1BC8EB98,english_source_aligned_workpass/components/02_associated_analytic_space.tex,149,
gaga:section:3,GAGA,gaga:section:3,section,gaga,3. Correspondence between algebraic sheaves and coherent analytic sheaves,3. Correspondence between algebraic sheaves and coherent analytic sheaves,english_source_aligned_workpass/components/03_sheaf_correspondence_nos09_12.tex:1,english_source_aligned_workpass/components/03_sheaf_correspondence_nos09_12.tex:1,9898F985DD6932496E26450BFE0BECA8655A937032F545B97CEBD88D1BC8EB98,english_source_aligned_workpass/components/03_sheaf_correspondence_nos09_12.tex,1,coherent
gaga:no:9,GAGA,gaga:no:9,numbered_unit,gaga,9. The analytic sheaf associated with an algebraic sheaf,9. The analytic sheaf associated with an algebraic sheaf,english_source_aligned_workpass/components/03_sheaf_correspondence_nos09_12.tex:3,english_source_aligned_workpass/components/03_sheaf_correspondence_nos09_12.tex:3,9898F985DD6932496E26450BFE0BECA8655A937032F545B97CEBD88D1BC8EB98,english_source_aligned_workpass/components/03_sheaf_correspondence_nos09_12.tex,3,comparison-sheaves
gaga:def:2,GAGA,gaga:def:2,definition,gaga,Definition 2. --- Let F be an algebraic sheaf on X . The analytic sheaf associated with F is the sheaf F h on X h defined by,Definition 2. --- Let F be an algebraic sheaf on X . The analytic sheaf associated with F is the sheaf F h on X h defined by,english_source_aligned_workpass/components/03_sheaf_correspondence_nos09_12.tex:9,english_source_aligned_workpass/components/03_sheaf_correspondence_nos09_12.tex:9,9898F985DD6932496E26450BFE0BECA8655A937032F545B97CEBD88D1BC8EB98,english_source_aligned_workpass/components/03_sheaf_correspondence_nos09_12.tex,9,analytification;comparison-sheaves
gaga:prop:10,GAGA,gaga:prop:10,proposition,gaga,Proposition 10. --- gaga:prop:10:item:aa) The functor F h is exact.,Proposition 10. --- gaga:prop:10:item:aa) The functor F h is exact.,english_source_aligned_workpass/components/03_sheaf_correspondence_nos09_12.tex:35,english_source_aligned_workpass/components/03_sheaf_correspondence_nos09_12.tex:35,9898F985DD6932496E26450BFE0BECA8655A937032F545B97CEBD88D1BC8EB98,english_source_aligned_workpass/components/03_sheaf_correspondence_nos09_12.tex,35,flatness
gaga:prop:10:item:a,GAGA,gaga:prop:10:item:a,subitem,gaga:prop:10,a) The functor F h is exact.,a) The functor F h is exact.,english_source_aligned_workpass/components/03_sheaf_correspondence_nos09_12.tex:35,english_source_aligned_workpass/components/03_sheaf_correspondence_nos09_12.tex:35,9898F985DD6932496E26450BFE0BECA8655A937032F545B97CEBD88D1BC8EB98,english_source_aligned_workpass/components/03_sheaf_correspondence_nos09_12.tex,35,flatness
gaga:prop:10:item:b,GAGA,gaga:prop:10:item:b,subitem,gaga:prop:10,"b) For every algebraic sheaf F , the homomorphism :F'F h is injective.","b) For every algebraic sheaf F , the homomorphism :F'F h is injective.",english_source_aligned_workpass/components/03_sheaf_correspondence_nos09_12.tex:37,english_source_aligned_workpass/components/03_sheaf_correspondence_nos09_12.tex:37,9898F985DD6932496E26450BFE0BECA8655A937032F545B97CEBD88D1BC8EB98,english_source_aligned_workpass/components/03_sheaf_correspondence_nos09_12.tex,37,comparison-sheaves
gaga:prop:10:item:c,GAGA,gaga:prop:10:item:c,subitem,gaga:prop:10,"c) If F is a coherent algebraic sheaf, then F h is a coherent analytic sheaf.","c) If F is a coherent algebraic sheaf, then F h is a coherent analytic sheaf.",english_source_aligned_workpass/components/03_sheaf_correspondence_nos09_12.tex:39,english_source_aligned_workpass/components/03_sheaf_correspondence_nos09_12.tex:39,9898F985DD6932496E26450BFE0BECA8655A937032F545B97CEBD88D1BC8EB98,english_source_aligned_workpass/components/03_sheaf_correspondence_nos09_12.tex,39,coherent;comparison-sheaves
gaga:no:10,GAGA,gaga:no:10,numbered_unit,gaga,10. Extension of a sheaf,10. Extension of a sheaf,english_source_aligned_workpass/components/03_sheaf_correspondence_nos09_12.tex:67,english_source_aligned_workpass/components/03_sheaf_correspondence_nos09_12.tex:67,9898F985DD6932496E26450BFE0BECA8655A937032F545B97CEBD88D1BC8EB98,english_source_aligned_workpass/components/03_sheaf_correspondence_nos09_12.tex,67,
gaga:prop:11,GAGA,gaga:prop:11,proposition,gaga,Proposition 11. --- The sheaves (F h) X and (F X) h are canonically isomorphic.,Proposition 11. --- The sheaves (F h) X and (F X) h are canonically isomorphic.,english_source_aligned_workpass/components/03_sheaf_correspondence_nos09_12.tex:71,english_source_aligned_workpass/components/03_sheaf_correspondence_nos09_12.tex:71,9898F985DD6932496E26450BFE0BECA8655A937032F545B97CEBD88D1BC8EB98,english_source_aligned_workpass/components/03_sheaf_correspondence_nos09_12.tex,71,
gaga:no:11,GAGA,gaga:no:11,numbered_unit,gaga,11. Homomorphisms induced on cohomology,11. Homomorphisms induced on cohomology,english_source_aligned_workpass/components/03_sheaf_correspondence_nos09_12.tex:100,english_source_aligned_workpass/components/03_sheaf_correspondence_nos09_12.tex:100,9898F985DD6932496E26450BFE0BECA8655A937032F545B97CEBD88D1BC8EB98,english_source_aligned_workpass/components/03_sheaf_correspondence_nos09_12.tex,100,comparison-cohomology
gaga:no:12,GAGA,gaga:no:12,numbered_unit,gaga,12. Projective varieties. Statement of the theorems,12. Projective varieties. Statement of the theorems,english_source_aligned_workpass/components/03_sheaf_correspondence_nos09_12.tex:159,english_source_aligned_workpass/components/03_sheaf_correspondence_nos09_12.tex:159,9898F985DD6932496E26450BFE0BECA8655A937032F545B97CEBD88D1BC8EB98,english_source_aligned_workpass/components/03_sheaf_correspondence_nos09_12.tex,159,proper-projective
gaga:thm:1,GAGA,gaga:thm:1,theorem,gaga,"Theorem 1. --- For every coherent algebraic sheaf F on X and every integer q0 , the homomorphism","Theorem 1. --- For every coherent algebraic sheaf F on X and every integer q0 , the homomorphism",english_source_aligned_workpass/components/03_sheaf_correspondence_nos09_12.tex:163,english_source_aligned_workpass/components/03_sheaf_correspondence_nos09_12.tex:163,9898F985DD6932496E26450BFE0BECA8655A937032F545B97CEBD88D1BC8EB98,english_source_aligned_workpass/components/03_sheaf_correspondence_nos09_12.tex,163,comparison-cohomology;comparison-sheaves
gaga:thm:2,GAGA,gaga:thm:2,theorem,gaga,"Theorem 2. --- If F and G are two coherent algebraic sheaves on X , every analytic homomorphism from F h to G h arises from one and only one algebraic","Theorem 2. --- If F and G are two coherent algebraic sheaves on X , every analytic homomorphism from F h to G h arises from one and only one algebraic",english_source_aligned_workpass/components/03_sheaf_correspondence_nos09_12.tex:175,english_source_aligned_workpass/components/03_sheaf_correspondence_nos09_12.tex:175,9898F985DD6932496E26450BFE0BECA8655A937032F545B97CEBD88D1BC8EB98,english_source_aligned_workpass/components/03_sheaf_correspondence_nos09_12.tex,175,comparison-sheaves
gaga:thm:3,GAGA,gaga:thm:3,theorem,gaga,"Theorem 3. --- For every coherent analytic sheaf M on X h , there exists a coherent algebraic sheaf F on X such that F h is isomorphic to M . Moreover","Theorem 3. --- For every coherent analytic sheaf M on X h , there exists a coherent algebraic sheaf F on X such that F h is isomorphic to M . Moreover",english_source_aligned_workpass/components/03_sheaf_correspondence_nos09_12.tex:177,english_source_aligned_workpass/components/03_sheaf_correspondence_nos09_12.tex:177,9898F985DD6932496E26450BFE0BECA8655A937032F545B97CEBD88D1BC8EB98,english_source_aligned_workpass/components/03_sheaf_correspondence_nos09_12.tex,177,analytification;coherent;comparison-sheaves
gaga:no:13,GAGA,gaga:no:13,numbered_unit,gaga,13. Proof of Theorem 1,13. Proof of Theorem 1,english_source_aligned_workpass/components/04_proofs_theorems1_3_nos13_17.tex:1,english_source_aligned_workpass/components/04_proofs_theorems1_3_nos13_17.tex:1,9898F985DD6932496E26450BFE0BECA8655A937032F545B97CEBD88D1BC8EB98,english_source_aligned_workpass/components/04_proofs_theorems1_3_nos13_17.tex,1,comparison-cohomology
gaga:lemma:4,GAGA,gaga:lemma:4,lemma,gaga,Lemma 4. --- Theorem [gaga:thm:1]1 is true for the sheaf O .,Lemma 4. --- Theorem [gaga:thm:1]1 is true for the sheaf O .,english_source_aligned_workpass/components/04_proofs_theorems1_3_nos13_17.tex:24,english_source_aligned_workpass/components/04_proofs_theorems1_3_nos13_17.tex:24,9898F985DD6932496E26450BFE0BECA8655A937032F545B97CEBD88D1BC8EB98,english_source_aligned_workpass/components/04_proofs_theorems1_3_nos13_17.tex,24,
gaga:lemma:5,GAGA,gaga:lemma:5,lemma,gaga,Lemma 5. --- Theorem [gaga:thm:1]1 is true for the sheaf O(n) .,Lemma 5. --- Theorem [gaga:thm:1]1 is true for the sheaf O(n) .,english_source_aligned_workpass/components/04_proofs_theorems1_3_nos13_17.tex:28,english_source_aligned_workpass/components/04_proofs_theorems1_3_nos13_17.tex:28,9898F985DD6932496E26450BFE0BECA8655A937032F545B97CEBD88D1BC8EB98,english_source_aligned_workpass/components/04_proofs_theorems1_3_nos13_17.tex,28,
gaga:no:14,GAGA,gaga:no:14,numbered_unit,gaga,14. Proof of Theorem 2,14. Proof of Theorem 2,english_source_aligned_workpass/components/04_proofs_theorems1_3_nos13_17.tex:105,english_source_aligned_workpass/components/04_proofs_theorems1_3_nos13_17.tex:105,9898F985DD6932496E26450BFE0BECA8655A937032F545B97CEBD88D1BC8EB98,english_source_aligned_workpass/components/04_proofs_theorems1_3_nos13_17.tex,105,comparison-sheaves
gaga:lemma:6,GAGA,gaga:lemma:6,lemma,gaga,Lemma 6. --- The homomorphism :A hB is bijective.,Lemma 6. --- The homomorphism :A hB is bijective.,english_source_aligned_workpass/components/04_proofs_theorems1_3_nos13_17.tex:119,english_source_aligned_workpass/components/04_proofs_theorems1_3_nos13_17.tex:119,9898F985DD6932496E26450BFE0BECA8655A937032F545B97CEBD88D1BC8EB98,english_source_aligned_workpass/components/04_proofs_theorems1_3_nos13_17.tex,119,
gaga:no:15,GAGA,gaga:no:15,numbered_unit,gaga,15. Proof of Theorem 3. Preliminaries,15. Proof of Theorem 3. Preliminaries,english_source_aligned_workpass/components/04_proofs_theorems1_3_nos13_17.tex:166,english_source_aligned_workpass/components/04_proofs_theorems1_3_nos13_17.tex:166,9898F985DD6932496E26450BFE0BECA8655A937032F545B97CEBD88D1BC8EB98,english_source_aligned_workpass/components/04_proofs_theorems1_3_nos13_17.tex,166,comparison-sheaves
gaga:no:16,GAGA,gaga:no:16,numbered_unit,gaga,exorpdfstring 16. Proof of Theorem 3. The sheaves M (n) 16. Proof of Theorem 3. The sheaves M(n),exorpdfstring 16. Proof of Theorem 3. The sheaves M (n) 16. Proof of Theorem 3. The sheaves M(n),english_source_aligned_workpass/components/04_proofs_theorems1_3_nos13_17.tex:188,english_source_aligned_workpass/components/04_proofs_theorems1_3_nos13_17.tex:188,9898F985DD6932496E26450BFE0BECA8655A937032F545B97CEBD88D1BC8EB98,english_source_aligned_workpass/components/04_proofs_theorems1_3_nos13_17.tex,188,comparison-sheaves
gaga:lemma:7,GAGA,gaga:lemma:7,lemma,gaga,"Lemma 7. --- Let E be a hyperplane in P r(C) , and let A be a coherent analytic sheaf on E . Then H q(E h,A(n))=0 for q>0 and all sufficiently large","Lemma 7. --- Let E be a hyperplane in P r(C) , and let A be a coherent analytic sheaf on E . Then H q(E h,A(n))=0 for q>0 and all sufficiently large",english_source_aligned_workpass/components/04_proofs_theorems1_3_nos13_17.tex:202,english_source_aligned_workpass/components/04_proofs_theorems1_3_nos13_17.tex:202,9898F985DD6932496E26450BFE0BECA8655A937032F545B97CEBD88D1BC8EB98,english_source_aligned_workpass/components/04_proofs_theorems1_3_nos13_17.tex,202,coherent;comparison-cohomology;comparison-sheaves
gaga:lemma:8,GAGA,gaga:lemma:8,lemma,gaga,"Lemma 8. --- Let M be a coherent analytic sheaf on X=P r(C) . There is an integer n(M) such that, for every n n(M) and every x X , the H x -module M(n","Lemma 8. --- Let M be a coherent analytic sheaf on X=P r(C) . There is an integer n(M) such that, for every n n(M) and every x X , the H x -module M(n",english_source_aligned_workpass/components/04_proofs_theorems1_3_nos13_17.tex:208,english_source_aligned_workpass/components/04_proofs_theorems1_3_nos13_17.tex:208,9898F985DD6932496E26450BFE0BECA8655A937032F545B97CEBD88D1BC8EB98,english_source_aligned_workpass/components/04_proofs_theorems1_3_nos13_17.tex,208,coherent;comparison-sheaves
gaga:eq:1,GAGA,gaga:eq:1,equation,gaga,gaga eq 1,gaga eq 1,english_source_aligned_workpass/components/04_proofs_theorems1_3_nos13_17.tex:240,english_source_aligned_workpass/components/04_proofs_theorems1_3_nos13_17.tex:240,9898F985DD6932496E26450BFE0BECA8655A937032F545B97CEBD88D1BC8EB98,english_source_aligned_workpass/components/04_proofs_theorems1_3_nos13_17.tex,240,
gaga:eq:2,GAGA,gaga:eq:2,equation,gaga,gaga eq 2,gaga eq 2,english_source_aligned_workpass/components/04_proofs_theorems1_3_nos13_17.tex:248,english_source_aligned_workpass/components/04_proofs_theorems1_3_nos13_17.tex:248,9898F985DD6932496E26450BFE0BECA8655A937032F545B97CEBD88D1BC8EB98,english_source_aligned_workpass/components/04_proofs_theorems1_3_nos13_17.tex,248,
gaga:eq:3,GAGA,gaga:eq:3,equation,gaga,gaga eq 3,gaga eq 3,english_source_aligned_workpass/components/04_proofs_theorems1_3_nos13_17.tex:256,english_source_aligned_workpass/components/04_proofs_theorems1_3_nos13_17.tex:256,9898F985DD6932496E26450BFE0BECA8655A937032F545B97CEBD88D1BC8EB98,english_source_aligned_workpass/components/04_proofs_theorems1_3_nos13_17.tex,256,
gaga:eq:4,GAGA,gaga:eq:4,equation,gaga,gaga eq 4,gaga eq 4,english_source_aligned_workpass/components/04_proofs_theorems1_3_nos13_17.tex:262,english_source_aligned_workpass/components/04_proofs_theorems1_3_nos13_17.tex:262,9898F985DD6932496E26450BFE0BECA8655A937032F545B97CEBD88D1BC8EB98,english_source_aligned_workpass/components/04_proofs_theorems1_3_nos13_17.tex,262,
gaga:eq:5,GAGA,gaga:eq:5,equation,gaga,gaga eq 5,gaga eq 5,english_source_aligned_workpass/components/04_proofs_theorems1_3_nos13_17.tex:270,english_source_aligned_workpass/components/04_proofs_theorems1_3_nos13_17.tex:270,9898F985DD6932496E26450BFE0BECA8655A937032F545B97CEBD88D1BC8EB98,english_source_aligned_workpass/components/04_proofs_theorems1_3_nos13_17.tex,270,
gaga:eq:6,GAGA,gaga:eq:6,equation,gaga,gaga eq 6,gaga eq 6,english_source_aligned_workpass/components/04_proofs_theorems1_3_nos13_17.tex:279,english_source_aligned_workpass/components/04_proofs_theorems1_3_nos13_17.tex:279,9898F985DD6932496E26450BFE0BECA8655A937032F545B97CEBD88D1BC8EB98,english_source_aligned_workpass/components/04_proofs_theorems1_3_nos13_17.tex,279,
gaga:eq:7,GAGA,gaga:eq:7,equation,gaga,gaga eq 7,gaga eq 7,english_source_aligned_workpass/components/04_proofs_theorems1_3_nos13_17.tex:296,english_source_aligned_workpass/components/04_proofs_theorems1_3_nos13_17.tex:296,9898F985DD6932496E26450BFE0BECA8655A937032F545B97CEBD88D1BC8EB98,english_source_aligned_workpass/components/04_proofs_theorems1_3_nos13_17.tex,296,
gaga:eq:8,GAGA,gaga:eq:8,equation,gaga,gaga eq 8,gaga eq 8,english_source_aligned_workpass/components/04_proofs_theorems1_3_nos13_17.tex:307,english_source_aligned_workpass/components/04_proofs_theorems1_3_nos13_17.tex:307,9898F985DD6932496E26450BFE0BECA8655A937032F545B97CEBD88D1BC8EB98,english_source_aligned_workpass/components/04_proofs_theorems1_3_nos13_17.tex,307,
gaga:eq:9,GAGA,gaga:eq:9,equation,gaga,gaga eq 9,gaga eq 9,english_source_aligned_workpass/components/04_proofs_theorems1_3_nos13_17.tex:327,english_source_aligned_workpass/components/04_proofs_theorems1_3_nos13_17.tex:327,9898F985DD6932496E26450BFE0BECA8655A937032F545B97CEBD88D1BC8EB98,english_source_aligned_workpass/components/04_proofs_theorems1_3_nos13_17.tex,327,
gaga:no:17,GAGA,gaga:no:17,numbered_unit,gaga,17. Completion of the proof of Theorem 3,17. Completion of the proof of Theorem 3,english_source_aligned_workpass/components/04_proofs_theorems1_3_nos13_17.tex:363,english_source_aligned_workpass/components/04_proofs_theorems1_3_nos13_17.tex:363,9898F985DD6932496E26450BFE0BECA8655A937032F545B97CEBD88D1BC8EB98,english_source_aligned_workpass/components/04_proofs_theorems1_3_nos13_17.tex,363,comparison-sheaves;formal
gaga:section:4,GAGA,gaga:section:4,section,gaga,4. Applications,4. Applications,english_source_aligned_workpass/components/05_applications_nos18_20.tex:1,english_source_aligned_workpass/components/05_applications_nos18_20.tex:1,9898F985DD6932496E26450BFE0BECA8655A937032F545B97CEBD88D1BC8EB98,english_source_aligned_workpass/components/05_applications_nos18_20.tex,1,
gaga:no:18,GAGA,gaga:no:18,numbered_unit,gaga,18. Algebraic character of the Betti numbers,18. Algebraic character of the Betti numbers,english_source_aligned_workpass/components/05_applications_nos18_20.tex:3,english_source_aligned_workpass/components/05_applications_nos18_20.tex:3,9898F985DD6932496E26450BFE0BECA8655A937032F545B97CEBD88D1BC8EB98,english_source_aligned_workpass/components/05_applications_nos18_20.tex,3,
gaga:prop:12,GAGA,gaga:prop:12,proposition,gaga,Proposition 12. --- If X is,Proposition 12. --- If X is,english_source_aligned_workpass/components/05_applications_nos18_20.tex:16,english_source_aligned_workpass/components/05_applications_nos18_20.tex:16,9898F985DD6932496E26450BFE0BECA8655A937032F545B97CEBD88D1BC8EB98,english_source_aligned_workpass/components/05_applications_nos18_20.tex,16,
gaga:prop:12:cor,GAGA,gaga:prop:12:cor,proposition,gaga:prop:12,Corollary. --- Let V be a,Corollary. --- Let V be a,english_source_aligned_workpass/components/05_applications_nos18_20.tex:68,english_source_aligned_workpass/components/05_applications_nos18_20.tex:68,9898F985DD6932496E26450BFE0BECA8655A937032F545B97CEBD88D1BC8EB98,english_source_aligned_workpass/components/05_applications_nos18_20.tex,68,
gaga:remark:18,GAGA,gaga:remark:18,remark,gaga,Remark. --- I do not know whether the,Remark. --- I do not know whether the,english_source_aligned_workpass/components/05_applications_nos18_20.tex:76,english_source_aligned_workpass/components/05_applications_nos18_20.tex:76,9898F985DD6932496E26450BFE0BECA8655A937032F545B97CEBD88D1BC8EB98,english_source_aligned_workpass/components/05_applications_nos18_20.tex,76,
gaga:no:19,GAGA,gaga:no:19,numbered_unit,gaga,19. Chow's theorem,19. Chow's theorem,english_source_aligned_workpass/components/05_applications_nos18_20.tex:81,english_source_aligned_workpass/components/05_applications_nos18_20.tex:81,9898F985DD6932496E26450BFE0BECA8655A937032F545B97CEBD88D1BC8EB98,english_source_aligned_workpass/components/05_applications_nos18_20.tex,81,
gaga:prop:13,GAGA,gaga:prop:13,proposition,gaga,Proposition 13. --- Every closed,Proposition 13. --- Every closed,english_source_aligned_workpass/components/05_applications_nos18_20.tex:85,english_source_aligned_workpass/components/05_applications_nos18_20.tex:85,9898F985DD6932496E26450BFE0BECA8655A937032F545B97CEBD88D1BC8EB98,english_source_aligned_workpass/components/05_applications_nos18_20.tex,85,
gaga:prop:14,GAGA,gaga:prop:14,proposition,gaga,Proposition 14. --- If X is an,Proposition 14. --- If X is an,english_source_aligned_workpass/components/05_applications_nos18_20.tex:104,english_source_aligned_workpass/components/05_applications_nos18_20.tex:104,9898F985DD6932496E26450BFE0BECA8655A937032F545B97CEBD88D1BC8EB98,english_source_aligned_workpass/components/05_applications_nos18_20.tex,104,
gaga:prop:15,GAGA,gaga:prop:15,proposition,gaga,Proposition 15. --- Every holomorphic,Proposition 15. --- Every holomorphic,english_source_aligned_workpass/components/05_applications_nos18_20.tex:118,english_source_aligned_workpass/components/05_applications_nos18_20.tex:118,9898F985DD6932496E26450BFE0BECA8655A937032F545B97CEBD88D1BC8EB98,english_source_aligned_workpass/components/05_applications_nos18_20.tex,118,analytic-space
gaga:prop:15:cor,GAGA,gaga:prop:15:cor,proposition,gaga:prop:15,Corollary. --- Every compact,Corollary. --- Every compact,english_source_aligned_workpass/components/05_applications_nos18_20.tex:127,english_source_aligned_workpass/components/05_applications_nos18_20.tex:127,9898F985DD6932496E26450BFE0BECA8655A937032F545B97CEBD88D1BC8EB98,english_source_aligned_workpass/components/05_applications_nos18_20.tex,127,proper-projective
gaga:no:20,GAGA,gaga:no:20,numbered_unit,gaga,20. Algebraic and analytic fibre spaces,20. Algebraic and analytic fibre spaces,english_source_aligned_workpass/components/05_applications_nos18_20.tex:130,english_source_aligned_workpass/components/05_applications_nos18_20.tex:130,9898F985DD6932496E26450BFE0BECA8655A937032F545B97CEBD88D1BC8EB98,english_source_aligned_workpass/components/05_applications_nos18_20.tex,130,
gaga:prop:16,GAGA,gaga:prop:16,proposition,gaga,Proposition 16. --- If X is,Proposition 16. --- If X is,english_source_aligned_workpass/components/05_applications_nos18_20.tex:158,english_source_aligned_workpass/components/05_applications_nos18_20.tex:158,9898F985DD6932496E26450BFE0BECA8655A937032F545B97CEBD88D1BC8EB98,english_source_aligned_workpass/components/05_applications_nos18_20.tex,158,
gaga:prop:17,GAGA,gaga:prop:17,proposition,gaga,Proposition 17. --- If G is the,Proposition 17. --- If G is the,english_source_aligned_workpass/components/05_applications_nos18_20.tex:198,english_source_aligned_workpass/components/05_applications_nos18_20.tex:198,9898F985DD6932496E26450BFE0BECA8655A937032F545B97CEBD88D1BC8EB98,english_source_aligned_workpass/components/05_applications_nos18_20.tex,198,
gaga:prop:18,GAGA,gaga:prop:18,proposition,gaga,Proposition 18. --- If G is the,Proposition 18. --- If G is the,english_source_aligned_workpass/components/05_applications_nos18_20.tex:205,english_source_aligned_workpass/components/05_applications_nos18_20.tex:205,9898F985DD6932496E26450BFE0BECA8655A937032F545B97CEBD88D1BC8EB98,english_source_aligned_workpass/components/05_applications_nos18_20.tex,205,
gaga:prop:18:remarks,GAGA,gaga:prop:18:remarks,proposition,gaga:prop:18,"Remarks. --- 1. For n=1 ,","Remarks. --- 1. For n=1 ,",english_source_aligned_workpass/components/05_applications_nos18_20.tex:235,english_source_aligned_workpass/components/05_applications_nos18_20.tex:235,9898F985DD6932496E26450BFE0BECA8655A937032F545B97CEBD88D1BC8EB98,english_source_aligned_workpass/components/05_applications_nos18_20.tex,235,
gaga:prop:19,GAGA,gaga:prop:19,proposition,gaga,Proposition 19. --- Let X be a,Proposition 19. --- Let X be a,english_source_aligned_workpass/components/05_applications_nos18_20.tex:262,english_source_aligned_workpass/components/05_applications_nos18_20.tex:262,9898F985DD6932496E26450BFE0BECA8655A937032F545B97CEBD88D1BC8EB98,english_source_aligned_workpass/components/05_applications_nos18_20.tex,262,
gaga:prop:20,GAGA,gaga:prop:20,proposition,gaga,Proposition 20. --- Let G be an,Proposition 20. --- Let G be an,english_source_aligned_workpass/components/05_applications_nos18_20.tex:316,english_source_aligned_workpass/components/05_applications_nos18_20.tex:316,9898F985DD6932496E26450BFE0BECA8655A937032F545B97CEBD88D1BC8EB98,english_source_aligned_workpass/components/05_applications_nos18_20.tex,316,
gaga:condition:R,GAGA,gaga:condition:R,semantic_anchor,gaga,(R) --- There is a rational section,(R) --- There is a rational section,english_source_aligned_workpass/components/05_applications_nos18_20.tex:320,english_source_aligned_workpass/components/05_applications_nos18_20.tex:320,9898F985DD6932496E26450BFE0BECA8655A937032F545B97CEBD88D1BC8EB98,english_source_aligned_workpass/components/05_applications_nos18_20.tex,320,
gaga:appendix,GAGA,gaga:appendix,section,gaga,Appendix,Appendix,english_source_aligned_workpass/components/06_appendix_nos21_24_bibliography.tex:1,english_source_aligned_workpass/components/06_appendix_nos21_24_bibliography.tex:1,9898F985DD6932496E26450BFE0BECA8655A937032F545B97CEBD88D1BC8EB98,english_source_aligned_workpass/components/06_appendix_nos21_24_bibliography.tex,1,
gaga:no:21,GAGA,gaga:no:21,numbered_unit,gaga,21. Flat modules,21. Flat modules,english_source_aligned_workpass/components/06_appendix_nos21_24_bibliography.tex:7,english_source_aligned_workpass/components/06_appendix_nos21_24_bibliography.tex:7,9898F985DD6932496E26450BFE0BECA8655A937032F545B97CEBD88D1BC8EB98,english_source_aligned_workpass/components/06_appendix_nos21_24_bibliography.tex,7,
gaga:def:3,GAGA,gaga:def:3,definition,gaga,Definition 3. --- Let B be an,Definition 3. --- Let B be an,english_source_aligned_workpass/components/06_appendix_nos21_24_bibliography.tex:9,english_source_aligned_workpass/components/06_appendix_nos21_24_bibliography.tex:9,9898F985DD6932496E26450BFE0BECA8655A937032F545B97CEBD88D1BC8EB98,english_source_aligned_workpass/components/06_appendix_nos21_24_bibliography.tex,9,
gaga:prop:21,GAGA,gaga:prop:21,proposition,gaga,Proposition 21. --- The homomorphism,Proposition 21. --- The homomorphism,english_source_aligned_workpass/components/06_appendix_nos21_24_bibliography.tex:60,english_source_aligned_workpass/components/06_appendix_nos21_24_bibliography.tex:60,9898F985DD6932496E26450BFE0BECA8655A937032F545B97CEBD88D1BC8EB98,english_source_aligned_workpass/components/06_appendix_nos21_24_bibliography.tex,60,
gaga:no:22,GAGA,gaga:no:22,numbered_unit,gaga,22. Flat pairs,22. Flat pairs,english_source_aligned_workpass/components/06_appendix_nos21_24_bibliography.tex:101,english_source_aligned_workpass/components/06_appendix_nos21_24_bibliography.tex:101,9898F985DD6932496E26450BFE0BECA8655A937032F545B97CEBD88D1BC8EB98,english_source_aligned_workpass/components/06_appendix_nos21_24_bibliography.tex,101,flatness
gaga:def:4,GAGA,gaga:def:4,definition,gaga,Definition 4. --- Let A be a ring and,Definition 4. --- Let A be a ring and,english_source_aligned_workpass/components/06_appendix_nos21_24_bibliography.tex:103,english_source_aligned_workpass/components/06_appendix_nos21_24_bibliography.tex:103,9898F985DD6932496E26450BFE0BECA8655A937032F545B97CEBD88D1BC8EB98,english_source_aligned_workpass/components/06_appendix_nos21_24_bibliography.tex,103,
gaga:prop:22,GAGA,gaga:prop:22,proposition,gaga,"Proposition 22. --- A pair (A,B) is","Proposition 22. --- A pair (A,B) is",english_source_aligned_workpass/components/06_appendix_nos21_24_bibliography.tex:109,english_source_aligned_workpass/components/06_appendix_nos21_24_bibliography.tex:109,9898F985DD6932496E26450BFE0BECA8655A937032F545B97CEBD88D1BC8EB98,english_source_aligned_workpass/components/06_appendix_nos21_24_bibliography.tex,109,
gaga:prop:22:item:a,GAGA,gaga:prop:22:item:a,subitem,gaga:prop:22,a) (respectively a ' )) For every,a) (respectively a ' )) For every,english_source_aligned_workpass/components/06_appendix_nos21_24_bibliography.tex:113,english_source_aligned_workpass/components/06_appendix_nos21_24_bibliography.tex:113,9898F985DD6932496E26450BFE0BECA8655A937032F545B97CEBD88D1BC8EB98,english_source_aligned_workpass/components/06_appendix_nos21_24_bibliography.tex,113,
gaga:prop:22:item:aa,GAGA,gaga:prop:22:item:aa,subitem,gaga:prop:22,a '' ) For every ideal a,a '' ) For every ideal a,english_source_aligned_workpass/components/06_appendix_nos21_24_bibliography.tex:117,english_source_aligned_workpass/components/06_appendix_nos21_24_bibliography.tex:117,9898F985DD6932496E26450BFE0BECA8655A937032F545B97CEBD88D1BC8EB98,english_source_aligned_workpass/components/06_appendix_nos21_24_bibliography.tex,117,
gaga:prop:23,GAGA,gaga:prop:23,proposition,gaga,Proposition 23. --- Let,Proposition 23. --- Let,english_source_aligned_workpass/components/06_appendix_nos21_24_bibliography.tex:149,english_source_aligned_workpass/components/06_appendix_nos21_24_bibliography.tex:149,9898F985DD6932496E26450BFE0BECA8655A937032F545B97CEBD88D1BC8EB98,english_source_aligned_workpass/components/06_appendix_nos21_24_bibliography.tex,149,
gaga:prop:23:remark,GAGA,gaga:prop:23:remark,proposition,gaga:prop:23,Remark. --- A similar argument shows,Remark. --- A similar argument shows,english_source_aligned_workpass/components/06_appendix_nos21_24_bibliography.tex:187,english_source_aligned_workpass/components/06_appendix_nos21_24_bibliography.tex:187,9898F985DD6932496E26450BFE0BECA8655A937032F545B97CEBD88D1BC8EB98,english_source_aligned_workpass/components/06_appendix_nos21_24_bibliography.tex,187,
gaga:no:23,GAGA,gaga:no:23,numbered_unit,gaga,23. Modules over a local ring,23. Modules over a local ring,english_source_aligned_workpass/components/06_appendix_nos21_24_bibliography.tex:191,english_source_aligned_workpass/components/06_appendix_nos21_24_bibliography.tex:191,9898F985DD6932496E26450BFE0BECA8655A937032F545B97CEBD88D1BC8EB98,english_source_aligned_workpass/components/06_appendix_nos21_24_bibliography.tex,191,
gaga:prop:24,GAGA,gaga:prop:24,proposition,gaga,Proposition 24. --- If an A -module,Proposition 24. --- If an A -module,english_source_aligned_workpass/components/06_appendix_nos21_24_bibliography.tex:198,english_source_aligned_workpass/components/06_appendix_nos21_24_bibliography.tex:198,9898F985DD6932496E26450BFE0BECA8655A937032F545B97CEBD88D1BC8EB98,english_source_aligned_workpass/components/06_appendix_nos21_24_bibliography.tex,198,
gaga:prop:24:cor,GAGA,gaga:prop:24:cor,proposition,gaga:prop:24,Corollary. --- Let E be an,Corollary. --- Let E be an,english_source_aligned_workpass/components/06_appendix_nos21_24_bibliography.tex:215,english_source_aligned_workpass/components/06_appendix_nos21_24_bibliography.tex:215,9898F985DD6932496E26450BFE0BECA8655A937032F545B97CEBD88D1BC8EB98,english_source_aligned_workpass/components/06_appendix_nos21_24_bibliography.tex,215,
gaga:prop:25,GAGA,gaga:prop:25,proposition,gaga,Proposition 25. --- Let E be an,Proposition 25. --- Let E be an,english_source_aligned_workpass/components/06_appendix_nos21_24_bibliography.tex:225,english_source_aligned_workpass/components/06_appendix_nos21_24_bibliography.tex:225,9898F985DD6932496E26450BFE0BECA8655A937032F545B97CEBD88D1BC8EB98,english_source_aligned_workpass/components/06_appendix_nos21_24_bibliography.tex,225,
gaga:prop:25:item:a,GAGA,gaga:prop:25:item:a,subitem,gaga:prop:25,a) The topology induced on a submodule,a) The topology induced on a submodule,english_source_aligned_workpass/components/06_appendix_nos21_24_bibliography.tex:228,english_source_aligned_workpass/components/06_appendix_nos21_24_bibliography.tex:228,9898F985DD6932496E26450BFE0BECA8655A937032F545B97CEBD88D1BC8EB98,english_source_aligned_workpass/components/06_appendix_nos21_24_bibliography.tex,228,
gaga:prop:25:item:b,GAGA,gaga:prop:25:item:b,subitem,gaga:prop:25,b) Every submodule of E is closed in,b) Every submodule of E is closed in,english_source_aligned_workpass/components/06_appendix_nos21_24_bibliography.tex:232,english_source_aligned_workpass/components/06_appendix_nos21_24_bibliography.tex:232,9898F985DD6932496E26450BFE0BECA8655A937032F545B97CEBD88D1BC8EB98,english_source_aligned_workpass/components/06_appendix_nos21_24_bibliography.tex,232,
gaga:prop:26,GAGA,gaga:prop:26,proposition,gaga,Proposition 26. --- For every,Proposition 26. --- For every,english_source_aligned_workpass/components/06_appendix_nos21_24_bibliography.tex:267,english_source_aligned_workpass/components/06_appendix_nos21_24_bibliography.tex:267,9898F985DD6932496E26450BFE0BECA8655A937032F545B97CEBD88D1BC8EB98,english_source_aligned_workpass/components/06_appendix_nos21_24_bibliography.tex,267,
gaga:no:24,GAGA,gaga:no:24,numbered_unit,gaga,24. Flatness properties of local rings,24. Flatness properties of local rings,english_source_aligned_workpass/components/06_appendix_nos21_24_bibliography.tex:306,english_source_aligned_workpass/components/06_appendix_nos21_24_bibliography.tex:306,9898F985DD6932496E26450BFE0BECA8655A937032F545B97CEBD88D1BC8EB98,english_source_aligned_workpass/components/06_appendix_nos21_24_bibliography.tex,306,flatness;proper-projective
gaga:prop:27,GAGA,gaga:prop:27,proposition,gaga,Proposition 27. --- Let A be a,Proposition 27. --- Let A be a,english_source_aligned_workpass/components/06_appendix_nos21_24_bibliography.tex:310,english_source_aligned_workpass/components/06_appendix_nos21_24_bibliography.tex:310,9898F985DD6932496E26450BFE0BECA8655A937032F545B97CEBD88D1BC8EB98,english_source_aligned_workpass/components/06_appendix_nos21_24_bibliography.tex,310,
gaga:prop:28,GAGA,gaga:prop:28,proposition,gaga,Proposition 28. --- Suppose that,Proposition 28. --- Suppose that,english_source_aligned_workpass/components/06_appendix_nos21_24_bibliography.tex:333,english_source_aligned_workpass/components/06_appendix_nos21_24_bibliography.tex:333,9898F985DD6932496E26450BFE0BECA8655A937032F545B97CEBD88D1BC8EB98,english_source_aligned_workpass/components/06_appendix_nos21_24_bibliography.tex,333,
gaga:prop:29,GAGA,gaga:prop:29,proposition,gaga,Proposition 29. --- Let A and B,Proposition 29. --- Let A and B,english_source_aligned_workpass/components/06_appendix_nos21_24_bibliography.tex:341,english_source_aligned_workpass/components/06_appendix_nos21_24_bibliography.tex:341,9898F985DD6932496E26450BFE0BECA8655A937032F545B97CEBD88D1BC8EB98,english_source_aligned_workpass/components/06_appendix_nos21_24_bibliography.tex,341,
gaga:prop:30,GAGA,gaga:prop:30,proposition,gaga,Proposition 30. --- Let A and A',Proposition 30. --- Let A and A',english_source_aligned_workpass/components/06_appendix_nos21_24_bibliography.tex:353,english_source_aligned_workpass/components/06_appendix_nos21_24_bibliography.tex:353,9898F985DD6932496E26450BFE0BECA8655A937032F545B97CEBD88D1BC8EB98,english_source_aligned_workpass/components/06_appendix_nos21_24_bibliography.tex,353,
gaga:bibliography,GAGA,gaga:bibliography,section,gaga,Bibliography,Bibliography,english_source_aligned_workpass/components/06_appendix_nos21_24_bibliography.tex:410,english_source_aligned_workpass/components/06_appendix_nos21_24_bibliography.tex:410,9898F985DD6932496E26450BFE0BECA8655A937032F545B97CEBD88D1BC8EB98,english_source_aligned_workpass/components/06_appendix_nos21_24_bibliography.tex,410,
gaga:bib:1,GAGA,gaga:bib:1,bibliography_entry,gaga,H. Cartan. Idéaux et modules de fonctions analytiques de,H. Cartan. Idéaux et modules de fonctions analytiques de,english_source_aligned_workpass/components/06_appendix_nos21_24_bibliography.tex:413,english_source_aligned_workpass/components/06_appendix_nos21_24_bibliography.tex:413,9898F985DD6932496E26450BFE0BECA8655A937032F545B97CEBD88D1BC8EB98,english_source_aligned_workpass/components/06_appendix_nos21_24_bibliography.tex,413,
gaga:bib:2,GAGA,gaga:bib:2,bibliography_entry,gaga,"H. Cartan. Séminaire E. N. S., 1951--1952.","H. Cartan. Séminaire E. N. S., 1951--1952.",english_source_aligned_workpass/components/06_appendix_nos21_24_bibliography.tex:417,english_source_aligned_workpass/components/06_appendix_nos21_24_bibliography.tex:417,9898F985DD6932496E26450BFE0BECA8655A937032F545B97CEBD88D1BC8EB98,english_source_aligned_workpass/components/06_appendix_nos21_24_bibliography.tex,417,
gaga:bib:3,GAGA,gaga:bib:3,bibliography_entry,gaga,"H. Cartan. Séminaire E. N. S., 1953--1954.","H. Cartan. Séminaire E. N. S., 1953--1954.",english_source_aligned_workpass/components/06_appendix_nos21_24_bibliography.tex:419,english_source_aligned_workpass/components/06_appendix_nos21_24_bibliography.tex:419,9898F985DD6932496E26450BFE0BECA8655A937032F545B97CEBD88D1BC8EB98,english_source_aligned_workpass/components/06_appendix_nos21_24_bibliography.tex,419,
gaga:bib:4,GAGA,gaga:bib:4,bibliography_entry,gaga,"H. Cartan and C. Chevalley. Séminaire E. N. S.,","H. Cartan and C. Chevalley. Séminaire E. N. S.,",english_source_aligned_workpass/components/06_appendix_nos21_24_bibliography.tex:421,english_source_aligned_workpass/components/06_appendix_nos21_24_bibliography.tex:421,9898F985DD6932496E26450BFE0BECA8655A937032F545B97CEBD88D1BC8EB98,english_source_aligned_workpass/components/06_appendix_nos21_24_bibliography.tex,421,
gaga:bib:5,GAGA,gaga:bib:5,bibliography_entry,gaga,H. Cartan and J.-P. Serre. Un théorème de finitude,H. Cartan and J.-P. Serre. Un théorème de finitude,english_source_aligned_workpass/components/06_appendix_nos21_24_bibliography.tex:424,english_source_aligned_workpass/components/06_appendix_nos21_24_bibliography.tex:424,9898F985DD6932496E26450BFE0BECA8655A937032F545B97CEBD88D1BC8EB98,english_source_aligned_workpass/components/06_appendix_nos21_24_bibliography.tex,424,
gaga:bib:6,GAGA,gaga:bib:6,bibliography_entry,gaga,W-L. Chow. On compact complex analytic varieties.,W-L. Chow. On compact complex analytic varieties.,english_source_aligned_workpass/components/06_appendix_nos21_24_bibliography.tex:428,english_source_aligned_workpass/components/06_appendix_nos21_24_bibliography.tex:428,9898F985DD6932496E26450BFE0BECA8655A937032F545B97CEBD88D1BC8EB98,english_source_aligned_workpass/components/06_appendix_nos21_24_bibliography.tex,428,proper-projective
gaga:bib:7,GAGA,gaga:bib:7,bibliography_entry,gaga,W-L. Chow. On the projective embedding of homogeneous,W-L. Chow. On the projective embedding of homogeneous,english_source_aligned_workpass/components/06_appendix_nos21_24_bibliography.tex:431,english_source_aligned_workpass/components/06_appendix_nos21_24_bibliography.tex:431,9898F985DD6932496E26450BFE0BECA8655A937032F545B97CEBD88D1BC8EB98,english_source_aligned_workpass/components/06_appendix_nos21_24_bibliography.tex,431,proper-projective
gaga:bib:8,GAGA,gaga:bib:8,bibliography_entry,gaga,P. Dolbeault. Sur la cohomologie des variétés analytiques,P. Dolbeault. Sur la cohomologie des variétés analytiques,english_source_aligned_workpass/components/06_appendix_nos21_24_bibliography.tex:434,english_source_aligned_workpass/components/06_appendix_nos21_24_bibliography.tex:434,9898F985DD6932496E26450BFE0BECA8655A937032F545B97CEBD88D1BC8EB98,english_source_aligned_workpass/components/06_appendix_nos21_24_bibliography.tex,434,
gaga:bib:9,GAGA,gaga:bib:9,bibliography_entry,gaga,J. Frenkel. Cohomologie à valeurs dans un faisceau non,J. Frenkel. Cohomologie à valeurs dans un faisceau non,english_source_aligned_workpass/components/06_appendix_nos21_24_bibliography.tex:437,english_source_aligned_workpass/components/06_appendix_nos21_24_bibliography.tex:437,9898F985DD6932496E26450BFE0BECA8655A937032F545B97CEBD88D1BC8EB98,english_source_aligned_workpass/components/06_appendix_nos21_24_bibliography.tex,437,
gaga:bib:10,GAGA,gaga:bib:10,bibliography_entry,gaga,A. Grothendieck. A general theory of fibre spaces with,A. Grothendieck. A general theory of fibre spaces with,english_source_aligned_workpass/components/06_appendix_nos21_24_bibliography.tex:440,english_source_aligned_workpass/components/06_appendix_nos21_24_bibliography.tex:440,9898F985DD6932496E26450BFE0BECA8655A937032F545B97CEBD88D1BC8EB98,english_source_aligned_workpass/components/06_appendix_nos21_24_bibliography.tex,440,
gaga:bib:11,GAGA,gaga:bib:11,bibliography_entry,gaga,K. Kodaira. On Kähler varieties of restricted type (an,K. Kodaira. On Kähler varieties of restricted type (an,english_source_aligned_workpass/components/06_appendix_nos21_24_bibliography.tex:443,english_source_aligned_workpass/components/06_appendix_nos21_24_bibliography.tex:443,9898F985DD6932496E26450BFE0BECA8655A937032F545B97CEBD88D1BC8EB98,english_source_aligned_workpass/components/06_appendix_nos21_24_bibliography.tex,443,
gaga:bib:12,GAGA,gaga:bib:12,bibliography_entry,gaga,K. Kodaira and D. C. Spencer. Divisor class groups,K. Kodaira and D. C. Spencer. Divisor class groups,english_source_aligned_workpass/components/06_appendix_nos21_24_bibliography.tex:447,english_source_aligned_workpass/components/06_appendix_nos21_24_bibliography.tex:447,9898F985DD6932496E26450BFE0BECA8655A937032F545B97CEBD88D1BC8EB98,english_source_aligned_workpass/components/06_appendix_nos21_24_bibliography.tex,447,
gaga:bib:13,GAGA,gaga:bib:13,bibliography_entry,gaga,M. Rosenlicht. Some basic theorems on algebraic groups.,M. Rosenlicht. Some basic theorems on algebraic groups.,english_source_aligned_workpass/components/06_appendix_nos21_24_bibliography.tex:451,english_source_aligned_workpass/components/06_appendix_nos21_24_bibliography.tex:451,9898F985DD6932496E26450BFE0BECA8655A937032F545B97CEBD88D1BC8EB98,english_source_aligned_workpass/components/06_appendix_nos21_24_bibliography.tex,451,
gaga:bib:14,GAGA,gaga:bib:14,bibliography_entry,gaga,W. Rückert. Zum Eliminationsproblem der Potenzreihenideale.,W. Rückert. Zum Eliminationsproblem der Potenzreihenideale.,english_source_aligned_workpass/components/06_appendix_nos21_24_bibliography.tex:454,english_source_aligned_workpass/components/06_appendix_nos21_24_bibliography.tex:454,9898F985DD6932496E26450BFE0BECA8655A937032F545B97CEBD88D1BC8EB98,english_source_aligned_workpass/components/06_appendix_nos21_24_bibliography.tex,454,
gaga:bib:15,GAGA,gaga:bib:15,bibliography_entry,gaga,P. Samuel. Commutative Algebra (Notes by D. Herzig).,P. Samuel. Commutative Algebra (Notes by D. Herzig).,english_source_aligned_workpass/components/06_appendix_nos21_24_bibliography.tex:457,english_source_aligned_workpass/components/06_appendix_nos21_24_bibliography.tex:457,9898F985DD6932496E26450BFE0BECA8655A937032F545B97CEBD88D1BC8EB98,english_source_aligned_workpass/components/06_appendix_nos21_24_bibliography.tex,457,
gaga:bib:16,GAGA,gaga:bib:16,bibliography_entry,gaga,"P. Samuel. Algèbre locale. Mém. Sci. Math., 123,","P. Samuel. Algèbre locale. Mém. Sci. Math., 123,",english_source_aligned_workpass/components/06_appendix_nos21_24_bibliography.tex:460,english_source_aligned_workpass/components/06_appendix_nos21_24_bibliography.tex:460,9898F985DD6932496E26450BFE0BECA8655A937032F545B97CEBD88D1BC8EB98,english_source_aligned_workpass/components/06_appendix_nos21_24_bibliography.tex,460,
gaga:bib:17,GAGA,gaga:bib:17,bibliography_entry,gaga,P. Samuel. Méthodes d'algèbre abstraite en géométrie,P. Samuel. Méthodes d'algèbre abstraite en géométrie,english_source_aligned_workpass/components/06_appendix_nos21_24_bibliography.tex:463,english_source_aligned_workpass/components/06_appendix_nos21_24_bibliography.tex:463,9898F985DD6932496E26450BFE0BECA8655A937032F545B97CEBD88D1BC8EB98,english_source_aligned_workpass/components/06_appendix_nos21_24_bibliography.tex,463,
gaga:bib:18,GAGA,gaga:bib:18,bibliography_entry,gaga,J.-P. Serre. Faisceaux algébriques cohérents.,J.-P. Serre. Faisceaux algébriques cohérents.,english_source_aligned_workpass/components/06_appendix_nos21_24_bibliography.tex:466,english_source_aligned_workpass/components/06_appendix_nos21_24_bibliography.tex:466,9898F985DD6932496E26450BFE0BECA8655A937032F545B97CEBD88D1BC8EB98,english_source_aligned_workpass/components/06_appendix_nos21_24_bibliography.tex,466,
gaga:bib:19,GAGA,gaga:bib:19,bibliography_entry,gaga,J.-P. Serre. Sur la cohomologie des variétés algébriques.,J.-P. Serre. Sur la cohomologie des variétés algébriques.,english_source_aligned_workpass/components/06_appendix_nos21_24_bibliography.tex:469,english_source_aligned_workpass/components/06_appendix_nos21_24_bibliography.tex:469,9898F985DD6932496E26450BFE0BECA8655A937032F545B97CEBD88D1BC8EB98,english_source_aligned_workpass/components/06_appendix_nos21_24_bibliography.tex,469,
gaga:bib:20,GAGA,gaga:bib:20,bibliography_entry,gaga,A. Weil. Fibre-spaces in algebraic geometry (Notes by,A. Weil. Fibre-spaces in algebraic geometry (Notes by,english_source_aligned_workpass/components/06_appendix_nos21_24_bibliography.tex:472,english_source_aligned_workpass/components/06_appendix_nos21_24_bibliography.tex:472,9898F985DD6932496E26450BFE0BECA8655A937032F545B97CEBD88D1BC8EB98,english_source_aligned_workpass/components/06_appendix_nos21_24_bibliography.tex,472,
