id,authority_file,authority_sha256,line,severity,source_text,correction,disposition,rationale
SITES-MODULES-001,sites-modules.tex,B7CD92AFF9DF33F05EEAB72C4B55E8AA33F3AEBD947FC53160E87CA80DFFB245,6354,typographical,"is an is an $\mathcal{O}_1$-linear map","is an $\mathcal{O}_1$-linear map",normalized_in_translation,"Duplicated words in the definition of a differential operator."
SITES-MODULES-002,sites-modules.tex,B7CD92AFF9DF33F05EEAB72C4B55E8AA33F3AEBD947FC53160E87CA80DFFB245,6655,grammatical,"a sheaves of sets","a sheaf of sets",normalized_in_translation,"Number-agreement error; the variable E is a single sheaf."
SITES-MODULES-003,sites-modules.tex,B7CD92AFF9DF33F05EEAB72C4B55E8AA33F3AEBD947FC53160E87CA80DFFB245,6755,grammatical,"be morphism of topoi","be a morphism of topoi",normalized_in_translation,"Missing indefinite article."
SITES-MODULES-004,sites-modules.tex,B7CD92AFF9DF33F05EEAB72C4B55E8AA33F3AEBD947FC53160E87CA80DFFB245,7287,mathematical,"$\phi : U \to u(V)$ of $\mathcal{D}$","$\phi : U \to u(V)$ of $\mathcal{C}$",source_preserved_pending_canon,"U and u(V) are objects of C because u:D→C; the displayed morphism cannot be a morphism of D. The strict French v3 target presently preserves the authority token pending canon disposition."
SITES-MODULES-005,sites-modules.tex,B7CD92AFF9DF33F05EEAB72C4B55E8AA33F3AEBD947FC53160E87CA80DFFB245,7308,mathematical,"$B_i \circ (f''_1, \ldots, f''_n)|_{V_i} = 0$.","$B''_i \circ (f''_1, \ldots, f''_n)|_{V_i} = 0$.",emended_in_french,"B''_i is the just-defined matrix on V_i; B_i is introduced only on the next line after pullback to U_i."
SITES-MODULES-006,sites-modules.tex,B7CD92AFF9DF33F05EEAB72C4B55E8AA33F3AEBD947FC53160E87CA80DFFB245,7802,typographical,"(\Sh(\mathcal{C}, \mathcal{O})","(\Sh(\mathcal{C}), \mathcal{O})",emended_in_french,"The closing parenthesis of Sh(C) is misplaced, corrupting the ringed-topos pair."
SITES-MODULES-007,sites-modules.tex,B7CD92AFF9DF33F05EEAB72C4B55E8AA33F3AEBD947FC53160E87CA80DFFB245,7967,mathematical,"$\Sh(\mathcal{C})/\mathcal{F}$","$\Sh(\mathcal{C}/U)$",emended_in_french,"The proof is treating item (3), where U is defined and F is not; the restriction is to the localized site topos Sh(C/U)."
SITES-MODULES-008,sites-modules.tex,B7CD92AFF9DF33F05EEAB72C4B55E8AA33F3AEBD947FC53160E87CA80DFFB245,8033,grammatical,"a similar formula holds a direct sum","a similar formula holds for a direct sum",normalized_in_translation,"Missing preposition."
SITES-MODULES-009,sites-modules.tex,B7CD92AFF9DF33F05EEAB72C4B55E8AA33F3AEBD947FC53160E87CA80DFFB245,8745,grammatical,"has an left adjoint","has a left adjoint",normalized_in_translation,"Incorrect indefinite article."
