id,source_file,source_locator,authority_sha256,observation,adverse_evidence,proposed_smallest_correction,status
SMOOTHING-001,smoothing.tex,smoothing.tex:378,FD28CF874BB7DAD3C5C5FF03314D1C83701613A8A98730A99B9CA7A4BCFE6068,"The text calls the sequence at 381 a short exact sequence.","The displayed sequence has no initial zero; lines 411-413 obtain exactness on the left only under an additional local-complete-intersection hypothesis.","Replace 'short exact sequence' by 'exact sequence'.",confirmed_pending_canon_intake_target_emendation_applied
SMOOTHING-002,smoothing.tex,smoothing.tex:475,FD28CF874BB7DAD3C5C5FF03314D1C83701613A8A98730A99B9CA7A4BCFE6068,"The lifts f_1 through f_c are placed in R[y_1,...,y_c].","The presentation at lines 470/472 and the quotient at line 478 use variables y_1 through y_m; c counts equations rather than variables.","Replace R[y_1,...,y_c] by R[y_1,...,y_m].",confirmed_pending_canon_intake_target_emendation_applied
SMOOTHING-003,smoothing.tex,smoothing.tex:708,FD28CF874BB7DAD3C5C5FF03314D1C83701613A8A98730A99B9CA7A4BCFE6068,"The phrase reads 'Choose an enumerations'.","A single enumeration of E is chosen.","Replace 'an enumerations' by 'an enumeration'.",confirmed_pending_canon_intake_target_prose_naturalized
SMOOTHING-004,smoothing.tex,smoothing.tex:830,FD28CF874BB7DAD3C5C5FF03314D1C83701613A8A98730A99B9CA7A4BCFE6068,"The phrase reads 'the classes ... correspond a_i/1'.","The verb requires the preposition 'to'.","Insert 'to' after 'correspond'.",confirmed_pending_canon_intake_target_prose_naturalized
SMOOTHING-005,smoothing.tex,smoothing.tex:2693,FD28CF874BB7DAD3C5C5FF03314D1C83701613A8A98730A99B9CA7A4BCFE6068,"The generators are said to generate H_{A/R}.","The active situation is k -> A -> Lambda and no R is defined; steps 1 and the later proof consistently use H_{A/k}.","Replace H_{A/R} by H_{A/k}.",confirmed_pending_canon_intake_target_emendation_required
SMOOTHING-006,smoothing.tex,smoothing.tex:2737,FD28CF874BB7DAD3C5C5FF03314D1C83701613A8A98730A99B9CA7A4BCFE6068,"R is defined with variables t_1 through t_m.","gamma_i and all subsequent polynomial-ring formulas use t_1 through t_d; m counts the y variables and need not equal d.","Replace t_m by t_d in the terminal index of the t-variable list.",confirmed_pending_canon_intake_target_emendation_required
SMOOTHING-007,smoothing.tex,smoothing.tex:2873,FD28CF874BB7DAD3C5C5FF03314D1C83701613A8A98730A99B9CA7A4BCFE6068,"The sentence starts with A_{a_i} but immediately reasons with B_{a_j} over A_{a_j}.","The a_j are the generators of H_{A/k}; i indexes the x variables and does not index this family.","Replace A_{a_i} by A_{a_j}.",confirmed_pending_canon_intake_target_emendation_required
SMOOTHING-008,smoothing.tex,smoothing.tex:2880,FD28CF874BB7DAD3C5C5FF03314D1C83701613A8A98730A99B9CA7A4BCFE6068,"The polynomial base is written k[x_1,...,x_n].","This construction introduced exactly x_1 through x_d; n has a different value N+dc.","Replace x_n by x_d.",confirmed_pending_canon_intake_target_emendation_required
SMOOTHING-009,smoothing.tex,smoothing.tex:2893-2894,FD28CF874BB7DAD3C5C5FF03314D1C83701613A8A98730A99B9CA7A4BCFE6068,"The proof chooses pi_1,...,pi_d in Lambda mapping to parameters of Lambda_q.","The step being justified chose them in p as a regular parameter system of k[y]_p, and lines 2899-2903 require that base-ring regular sequence.","Choose pi_1,...,pi_d in p forming a regular system of parameters of k[y_1,...,y_m]_p.",confirmed_pending_canon_intake_target_emendation_required
SMOOTHING-010,smoothing.tex,smoothing.tex:2958,FD28CF874BB7DAD3C5C5FF03314D1C83701613A8A98730A99B9CA7A4BCFE6068,"The sentence reads 'this trivial but key observation'.","The copula is missing.","Insert 'is' after 'this'.",confirmed_pending_canon_intake_target_prose_naturalized
SMOOTHING-011,smoothing.tex,smoothing.tex:2990,FD28CF874BB7DAD3C5C5FF03314D1C83701613A8A98730A99B9CA7A4BCFE6068,"The sentence reads 'Setting ... and we conclude'.","The participial construction should attach directly to the conclusion.","Delete 'and' after the setting clause.",confirmed_pending_canon_intake_target_prose_naturalized
SMOOTHING-012,smoothing.tex,smoothing.tex:2999,FD28CF874BB7DAD3C5C5FF03314D1C83701613A8A98730A99B9CA7A4BCFE6068,"The base of H_B is written k[x_1,...,x_n].","B was constructed over k[x_1,...,x_d]; n=N+dc is not the number of x variables.","Replace x_n by x_d.",confirmed_pending_canon_intake_target_emendation_required
SMOOTHING-013,smoothing.tex,smoothing.tex:3000,FD28CF874BB7DAD3C5C5FF03314D1C83701613A8A98730A99B9CA7A4BCFE6068,"The base of H_C is written k[x_1,...,x_n].","C is a k[x_1,...,x_d]-algebra throughout this construction.","Replace x_n by x_d.",confirmed_pending_canon_intake_target_emendation_required
SMOOTHING-014,smoothing.tex,smoothing.tex:3002,FD28CF874BB7DAD3C5C5FF03314D1C83701613A8A98730A99B9CA7A4BCFE6068,"The tensor product uses k[x_1,...,x_n].","The displayed situation at lines 3004-3008 and every surrounding tensor product use k[x_1,...,x_d].","Replace x_n by x_d.",confirmed_pending_canon_intake_target_emendation_required
SMOOTHING-015,smoothing.tex,smoothing.tex:3054,FD28CF874BB7DAD3C5C5FF03314D1C83701613A8A98730A99B9CA7A4BCFE6068,"The parenthetical reference 'of (ref{item-fifth-resolve}' is not closed.","The following line begins the consequence and the parallel references are parenthesized.","Add the closing parenthesis after the reference.",confirmed_pending_canon_intake_target_prose_naturalized
SMOOTHING-016,smoothing.tex,smoothing.tex:3187,FD28CF874BB7DAD3C5C5FF03314D1C83701613A8A98730A99B9CA7A4BCFE6068,"The last summand uses d_{n,l}.","Only generators d_1,...,d_M were defined and the preceding components use d_l; d_{n,l} is undefined.","Replace d_{n,l} by d_l.",confirmed_pending_canon_intake_target_emendation_required
SMOOTHING-017,smoothing.tex,smoothing.tex:3191,FD28CF874BB7DAD3C5C5FF03314D1C83701613A8A98730A99B9CA7A4BCFE6068,"The sentence says 'g_j as a solution'.","The intended assertion is existence of a solution.","Replace 'as' by 'has'.",confirmed_pending_canon_intake_target_prose_naturalized
SMOOTHING-018,smoothing.tex,smoothing.tex:3266,FD28CF874BB7DAD3C5C5FF03314D1C83701613A8A98730A99B9CA7A4BCFE6068,"The repeated last summand uses d_{n,l}.","Only d_l is defined, exactly as in the preceding components.","Replace d_{n,l} by d_l.",confirmed_pending_canon_intake_target_emendation_required
SMOOTHING-019,smoothing.tex,smoothing.tex:3270,FD28CF874BB7DAD3C5C5FF03314D1C83701613A8A98730A99B9CA7A4BCFE6068,"The repeated sentence says 'g_j as a solution'.","The intended assertion is existence of a solution in R'.","Replace 'as' by 'has'.",confirmed_pending_canon_intake_target_prose_naturalized
SMOOTHING-020,smoothing.tex,smoothing.tex:3425,FD28CF874BB7DAD3C5C5FF03314D1C83701613A8A98730A99B9CA7A4BCFE6068,"The factorization A -> B -> A^completion is followed by 'A -> P smooth'.","P is undefined; B is the middle algebra and is used throughout the following construction.","Replace P by B.",confirmed_pending_canon_intake_target_emendation_required
SMOOTHING-021,smoothing.tex,smoothing.tex:991-994,FD28CF874BB7DAD3C5C5FF03314D1C83701613A8A98730A99B9CA7A4BCFE6068,"The localizations of A' are indexed by p rather than p'.","The lemma statement and lines 932-938 define p' as the prime of A'; p is the prime of A.","Replace the four A'-localization subscripts p at lines 991-994 by p'.",confirmed_pending_canon_intake_target_emendation_required
SMOOTHING-022,smoothing.tex,smoothing.tex:1163,FD28CF874BB7DAD3C5C5FF03314D1C83701613A8A98730A99B9CA7A4BCFE6068,"The conormal term is localized at plain p in B.","The relevant prime of B is p_B, used in the residue field on the next line; p is a prime of A.","Replace both plain p subscripts in the conormal term by p_B.",confirmed_pending_canon_intake_target_emendation_required
SMOOTHING-023,smoothing.tex,smoothing.tex:1167,FD28CF874BB7DAD3C5C5FF03314D1C83701613A8A98730A99B9CA7A4BCFE6068,"The residue field kappa(p) is said to be separable over undefined k.","This section defined kappa=R/pi R at line 945 and the hypothesis is the extension kappa subset Lambda/pi Lambda.","Replace k by kappa.",confirmed_pending_canon_intake_target_emendation_required
SMOOTHING-024,smoothing.tex,smoothing.tex:1206,FD28CF874BB7DAD3C5C5FF03314D1C83701613A8A98730A99B9CA7A4BCFE6068,"The domain A is called separable over the fraction field of R.","Line 1204 introduced K as the fraction field of A; separability is a field-extension property needed by the cited generic-smoothness lemma.","Replace A by K.",confirmed_pending_canon_intake_target_emendation_required
SMOOTHING-025,smoothing.tex,smoothing.tex:1333,FD28CF874BB7DAD3C5C5FF03314D1C83701613A8A98730A99B9CA7A4BCFE6068,"The phrase reads 'kills of h_n'.","The first map is required to kill h_n.","Delete 'of'.",confirmed_pending_canon_intake_target_prose_naturalized
SMOOTHING-026,smoothing.tex,smoothing.tex:1481,FD28CF874BB7DAD3C5C5FF03314D1C83701613A8A98730A99B9CA7A4BCFE6068,"The proof replaces a_k by a_k b_k.","Since b'_k is the image of b_k/(a_k)^N, the annihilating unit 1+b'_k has numerator (a_k)^N+b_k; b_k lies in I and a_k b_k maps to zero in C.","Replace a_k b_k by (a_k)^N+b_k.",confirmed_pending_canon_intake_target_emendation_required
SMOOTHING-027,smoothing.tex,smoothing.tex:1491,FD28CF874BB7DAD3C5C5FF03314D1C83701613A8A98730A99B9CA7A4BCFE6068,"The coefficients are indexed h_{i,l}^j and g_{i,l}.","The open and finite subset in this construction are indexed by k, and lines 1488/1492 use h_{k,l}^j and g_{k,l}.","Replace both i indices by k.",confirmed_pending_canon_intake_target_emendation_required
SMOOTHING-028,smoothing.tex,smoothing.tex:1976,FD28CF874BB7DAD3C5C5FF03314D1C83701613A8A98730A99B9CA7A4BCFE6068,"The quotient ideal ends with x_c.","The presentation and the next quotient use the equations f_1 through f_c; x_c is a variable, not the final generator of this ideal.","Replace x_c by f_c.",confirmed_pending_canon_intake_target_emendation_required
SMOOTHING-029,smoothing.tex,smoothing.tex:2268-2273,FD28CF874BB7DAD3C5C5FF03314D1C83701613A8A98730A99B9CA7A4BCFE6068,"After inverting z the source retains y_i and omits the free t_ij variables, then concludes smoothness over R directly.","The relations zy_i force y_i=0 and leave t_ij free, so B_z=C[z,z^{-1},t_ij]. The chosen C is not globally smooth over R, but h_C not contained in q supplies c in H_{C/R} outside q; B_{zc} is smooth. Likewise a_l y_l uses A_{a_l} smooth over R.","Use B_z=C[z,z^{-1},t_ij], choose c in H_{C/R} outside q, and conclude that zc and a_l y_l lie in H_{B/R}.",confirmed_pending_canon_intake_target_emendation_required
SMOOTHING-030,smoothing.tex,smoothing.tex:2308-2312,FD28CF874BB7DAD3C5C5FF03314D1C83701613A8A98730A99B9CA7A4BCFE6068,"The hypotheses introduce n and e without final punctuation, then the conclusion redeclares existence of n.","The containment hypothesis and the proof use the given n; only the pi_i are to be produced.","End line 2308 with a period and change 'Then there exists an n > 0 and pi_1,...,pi_d' to 'Then there exist pi_1,...,pi_d'.",confirmed_pending_canon_intake_target_emendation_required
SMOOTHING-031,smoothing.tex,smoothing.tex:2370,FD28CF874BB7DAD3C5C5FF03314D1C83701613A8A98730A99B9CA7A4BCFE6068,"The generators are taken from H_{A/R} immediately after R=k[x_1,...,x_d] is introduced.","There is no map R to A; the active situation is k to A and the argument uses A smooth over k after localizing at these generators.","Replace H_{A/R} by H_{A/k}.",confirmed_pending_canon_intake_target_emendation_required
SMOOTHING-032,smoothing.tex,smoothing.tex:2374,FD28CF874BB7DAD3C5C5FF03314D1C83701613A8A98730A99B9CA7A4BCFE6068,"The sentence joins 'smooth over R' directly to 'it is a polynomial algebra' without punctuation or connective.","The second clause supplies the reason for the first.","Insert 'because' or equivalent punctuation before the explanatory clause.",confirmed_pending_canon_intake_target_prose_naturalized
SMOOTHING-033,smoothing.tex,smoothing.tex:2379,FD28CF874BB7DAD3C5C5FF03314D1C83701613A8A98730A99B9CA7A4BCFE6068,"The prose refers to the diagram above.","The diagram is introduced at lines 2390-2395, below this sentence.","Replace 'above' by 'below'.",confirmed_pending_canon_intake_target_prose_naturalized
SMOOTHING-034,smoothing.tex,smoothing.tex:2387,FD28CF874BB7DAD3C5C5FF03314D1C83701613A8A98730A99B9CA7A4BCFE6068,"The coefficients are called pi_{ij} after the displayed sum uses lambda_{ij}.","The next line maps z_{ij} to lambda_{ij}; pi_{ij} is otherwise undefined.","Replace pi_{ij} by lambda_{ij}.",confirmed_pending_canon_intake_target_emendation_required
SMOOTHING-035,smoothing.tex,smoothing.tex:2492,FD28CF874BB7DAD3C5C5FF03314D1C83701613A8A98730A99B9CA7A4BCFE6068,"The induction step defines A over F although only F' has been chosen at this stage.","Lines 2483-2487 define A' from F'; F is introduced only later, while the asserted map A to A' requires the same coefficient subfield.","Replace F[x_1,...,x_d] by F'[x_1,...,x_d].",confirmed_pending_canon_intake_target_emendation_applied
